date,city,district,cases,lat,lon,adm_0_name,full_name,iso_a0,fao_gaul_code,rne_iso_code,ibge_code,calendar_end_date,year,case_definition_standardised,s_res,t_res,uuid,region
1994-01-01,,,145,,,PAKISTAN,PAKISTAN,PAK,188.0,PAK,,1994-12-31,1994.0,Suspected and confirmed,Admin0,Year,LITERATURE-PAK-19942022-Y01-00,EMRO
1995-01-01,,,76,,,PAKISTAN,PAKISTAN,PAK,188.0,PAK,,1995-12-31,1995.0,Suspected and confirmed,Admin0,Year,LITERATURE-PAK-19942022-Y01-00,EMRO
1997-01-01,,,251,,,PAKISTAN,PAKISTAN,PAK,188.0,PAK,,1997-12-31,1997.0,Suspected and confirmed,Admin0,Year,LITERATURE-PAK-19942022-Y01-00,EMRO
2003-01-01,,,17,,,PAKISTAN,PAKISTAN,PAK,188.0,PAK,,2003-12-31,2003.0,Suspected and confirmed,Admin0,Year,LITERATURE-PAK-19942022-Y01-00,EMRO
2004-01-01,,,25,,,PAKISTAN,PAKISTAN,PAK,188.0,PAK,,2004-12-31,2004.0,Suspected and confirmed,Admin0,Year,LITERATURE-PAK-19942022-Y01-00,EMRO
2005-01-01,,,3940,,,PAKISTAN,PAKISTAN,PAK,188.0,PAK,,2005-12-31,2005.0,Suspected and confirmed,Admin0,Year,LITERATURE-PAK-19942022-Y01-00,EMRO
2006-01-01,,,1931,,,PAKISTAN,PAKISTAN,PAK,188.0,PAK,,2006-12-31,2006.0,Confirmed,Admin0,Year,LITERATURE-PAK-19942022-Y01-02,EMRO
2007-01-01,,,1199,,,PAKISTAN,PAKISTAN,PAK,188.0,PAK,,2007-12-31,2007.0,Confirmed,Admin0,Year,LITERATURE-PAK-19942022-Y01-02,EMRO
2008-01-01,,,1795,,,PAKISTAN,PAKISTAN,PAK,188.0,PAK,,2008-12-31,2008.0,Confirmed,Admin0,Year,LITERATURE-PAK-19942022-Y01-02,EMRO
2009-01-01,,,946,,,PAKISTAN,PAKISTAN,PAK,188.0,PAK,,2009-12-31,2009.0,Confirmed,Admin0,Year,LITERATURE-PAK-19942022-Y01-02,EMRO
2010-01-01,,,9785,,,PAKISTAN,PAKISTAN,PAK,188.0,PAK,,2010-12-31,2010.0,Confirmed,Admin0,Year,LITERATURE-PAK-19942022-Y01-02,EMRO
2011-01-01,,,24928,,,PAKISTAN,PAKISTAN,PAK,188.0,PAK,,2011-12-31,2011.0,Suspected and confirmed,Admin0,Year,LITERATURE-PAK-19942022-Y01-01,EMRO
2012-01-01,,,3764,,,PAKISTAN,PAKISTAN,PAK,188.0,PAK,,2012-12-31,2012.0,Suspected and confirmed,Admin0,Year,LITERATURE-PAK-19942022-Y01-01,EMRO
2013-01-01,,,28883,,,PAKISTAN,PAKISTAN,PAK,188.0,PAK,,2013-12-31,2013.0,Suspected and confirmed,Admin0,Year,LITERATURE-PAK-19942022-Y01-01,EMRO
2013-06-01,,,0,,,PAKISTAN,PAKISTAN,PAK,188.0,PAK,,2013-01-12,2013.0,Confirmed,Admin0,Week,WHOEMRO-PAK-2014-W01-52,EMRO
2013-03-02,,,0,,,PAKISTAN,PAKISTAN,PAK,188.0,PAK,,2013-02-09,2013.0,Confirmed,Admin0,Week,WHOEMRO-PAK-2014-W01-52,EMRO
2013-10-02,,,0,,,PAKISTAN,PAKISTAN,PAK,188.0,PAK,,2013-02-16,2013.0,Confirmed,Admin0,Week,WHOEMRO-PAK-2014-W01-52,EMRO
2013-03-03,,,0,,,PAKISTAN,PAKISTAN,PAK,188.0,PAK,,2013-03-09,2013.0,Confirmed,Admin0,Week,WHOEMRO-PAK-2014-W01-52,EMRO
2013-10-03,,,0,,,PAKISTAN,PAKISTAN,PAK,188.0,PAK,,2013-03-16,2013.0,Confirmed,Admin0,Week,WHOEMRO-PAK-2014-W01-52,EMRO
2013-07-04,,,0,,,PAKISTAN,PAKISTAN,PAK,188.0,PAK,,2013-04-13,2013.0,Confirmed,Admin0,Week,WHOEMRO-PAK-2014-W01-52,EMRO
2013-05-05,,,9,,,PAKISTAN,PAKISTAN,PAK,188.0,PAK,,2013-05-11,2013.0,Confirmed,Admin0,Week,WHOEMRO-PAK-2014-W01-52,EMRO
2013-12-05,,,39,,,PAKISTAN,PAKISTAN,PAK,188.0,PAK,,2013-05-18,2013.0,Confirmed,Admin0,Week,WHOEMRO-PAK-2014-W01-52,EMRO
,,,49,,,PAKISTAN,PAKISTAN,PAK,188.0,PAK,,2013-05-25,,Confirmed,Admin0,Week,WHOEMRO-PAK-2014-W01-52,EMRO
,,,39,,,PAKISTAN,PAKISTAN,PAK,188.0,PAK,,2013-06-01,,Confirmed,Admin0,Week,WHOEMRO-PAK-2014-W01-52,EMRO
2013-02-06,,,39,,,PAKISTAN,PAKISTAN,PAK,188.0,PAK,,2013-06-08,2013.0,Confirmed,Admin0,Week,WHOEMRO-PAK-2014-W01-52,EMRO
2013-09-06,,,39,,,PAKISTAN,PAKISTAN,PAK,188.0,PAK,,2013-06-15,2013.0,Confirmed,Admin0,Week,WHOEMRO-PAK-2014-W01-52,EMRO
2013-07-07,,,39,,,PAKISTAN,PAKISTAN,PAK,188.0,PAK,,2013-07-13,2013.0,Confirmed,Admin0,Week,WHOEMRO-PAK-2014-W01-52,EMRO
2013-04-08,,,79,,,PAKISTAN,PAKISTAN,PAK,188.0,PAK,,2013-08-10,2013.0,Confirmed,Admin0,Week,WHOEMRO-PAK-2014-W01-52,EMRO
2013-11-08,,,297,,,PAKISTAN,PAKISTAN,PAK,188.0,PAK,,2013-08-17,2013.0,Confirmed,Admin0,Week,WHOEMRO-PAK-2014-W01-52,EMRO
,,,565,,,PAKISTAN,PAKISTAN,PAK,188.0,PAK,,2013-08-24,,Confirmed,Admin0,Week,WHOEMRO-PAK-2014-W01-52,EMRO
,,,1618,,,PAKISTAN,PAKISTAN,PAK,188.0,PAK,,2013-08-31,,Confirmed,Admin0,Week,WHOEMRO-PAK-2014-W01-52,EMRO
2013-01-09,,,1946,,,PAKISTAN,PAKISTAN,PAK,188.0,PAK,,2013-09-07,2013.0,Confirmed,Admin0,Week,WHOEMRO-PAK-2014-W01-52,EMRO
2013-08-09,,,2184,,,PAKISTAN,PAKISTAN,PAK,188.0,PAK,,2013-09-14,2013.0,Confirmed,Admin0,Week,WHOEMRO-PAK-2014-W01-52,EMRO
,,,1459,,,PAKISTAN,PAKISTAN,PAK,188.0,PAK,,2013-09-21,,Confirmed,Admin0,Week,WHOEMRO-PAK-2014-W01-52,EMRO
,,,1777,,,PAKISTAN,PAKISTAN,PAK,188.0,PAK,,2013-09-28,,Confirmed,Admin0,Week,WHOEMRO-PAK-2014-W01-52,EMRO
,,,804,,,PAKISTAN,PAKISTAN,PAK,188.0,PAK,,2013-10-05,,Confirmed,Admin0,Week,WHOEMRO-PAK-2014-W01-52,EMRO
2013-06-10,,,486,,,PAKISTAN,PAKISTAN,PAK,188.0,PAK,,2013-10-12,2013.0,Confirmed,Admin0,Week,WHOEMRO-PAK-2014-W01-52,EMRO
,,,1241,,,PAKISTAN,PAKISTAN,PAK,188.0,PAK,,2013-10-19,,Confirmed,Admin0,Week,WHOEMRO-PAK-2014-W01-52,EMRO
,,,1231,,,PAKISTAN,PAKISTAN,PAK,188.0,PAK,,2013-10-26,,Confirmed,Admin0,Week,WHOEMRO-PAK-2014-W01-52,EMRO
,,,863,,,PAKISTAN,PAKISTAN,PAK,188.0,PAK,,2013-11-02,,Confirmed,Admin0,Week,WHOEMRO-PAK-2014-W01-52,EMRO
2013-03-11,,,705,,,PAKISTAN,PAKISTAN,PAK,188.0,PAK,,2013-11-09,2013.0,Confirmed,Admin0,Week,WHOEMRO-PAK-2014-W01-52,EMRO
2013-10-11,,,615,,,PAKISTAN,PAKISTAN,PAK,188.0,PAK,,2013-11-16,2013.0,Confirmed,Admin0,Week,WHOEMRO-PAK-2014-W01-52,EMRO
,,,417,,,PAKISTAN,PAKISTAN,PAK,188.0,PAK,,2013-11-23,,Confirmed,Admin0,Week,WHOEMRO-PAK-2014-W01-52,EMRO
,,,367,,,PAKISTAN,PAKISTAN,PAK,188.0,PAK,,2013-11-30,,Confirmed,Admin0,Week,WHOEMRO-PAK-2014-W01-52,EMRO
2013-01-12,,,258,,,PAKISTAN,PAKISTAN,PAK,188.0,PAK,,2013-12-07,2013.0,Confirmed,Admin0,Week,WHOEMRO-PAK-2014-W01-52,EMRO
2013-08-12,,,158,,,PAKISTAN,PAKISTAN,PAK,188.0,PAK,,2013-12-14,2013.0,Confirmed,Admin0,Week,WHOEMRO-PAK-2014-W01-52,EMRO
,,,69,,,PAKISTAN,PAKISTAN,PAK,188.0,PAK,,2013-12-21,,Confirmed,Admin0,Week,WHOEMRO-PAK-2014-W01-52,EMRO
,,,41,,,PAKISTAN,PAKISTAN,PAK,188.0,PAK,,2013-12-28,,Confirmed,Admin0,Week,WHOEMRO-PAK-2014-W01-22,EMRO
,,,28,,,PAKISTAN,PAKISTAN,PAK,188.0,PAK,,2014-01-04,,Confirmed,Admin0,Week,WHOEMRO-PAK-2014-W01-22,EMRO
2014-01-01,,,4128,,,PAKISTAN,PAKISTAN,PAK,188.0,PAK,,2014-12-31,2014.0,Suspected and confirmed,Admin0,Year,LITERATURE-PAK-19942022-Y01-01,EMRO
2014-05-01,,,16,,,PAKISTAN,PAKISTAN,PAK,188.0,PAK,,2014-01-11,2014.0,Confirmed,Admin0,Week,WHOEMRO-PAK-2014-W01-22,EMRO
2014-12-01,,,8,,,PAKISTAN,PAKISTAN,PAK,188.0,PAK,,2014-01-18,2014.0,Confirmed,Admin0,Week,WHOEMRO-PAK-2014-W01-22,EMRO
,,,13,,,PAKISTAN,PAKISTAN,PAK,188.0,PAK,,2014-01-25,,Confirmed,Admin0,Week,WHOEMRO-PAK-2014-W01-22,EMRO
,,,11,,,PAKISTAN,PAKISTAN,PAK,188.0,PAK,,2014-02-01,,Confirmed,Admin0,Week,WHOEMRO-PAK-2014-W01-22,EMRO
2014-02-02,,,13,,,PAKISTAN,PAKISTAN,PAK,188.0,PAK,,2014-02-08,2014.0,Confirmed,Admin0,Week,WHOEMRO-PAK-2014-W01-22,EMRO
2014-09-02,,,11,,,PAKISTAN,PAKISTAN,PAK,188.0,PAK,,2014-02-15,2014.0,Confirmed,Admin0,Week,WHOEMRO-PAK-2014-W01-22,EMRO
,,,5,,,PAKISTAN,PAKISTAN,PAK,188.0,PAK,,2014-02-22,,Confirmed,Admin0,Week,WHOEMRO-PAK-2014-W01-22,EMRO
,,,8,,,PAKISTAN,PAKISTAN,PAK,188.0,PAK,,2014-03-01,,Confirmed,Admin0,Week,WHOEMRO-PAK-2014-W01-22,EMRO
2014-02-03,,,8,,,PAKISTAN,PAKISTAN,PAK,188.0,PAK,,2014-03-08,2014.0,Confirmed,Admin0,Week,WHOEMRO-PAK-2014-W01-22,EMRO
2014-09-03,,,11,,,PAKISTAN,PAKISTAN,PAK,188.0,PAK,,2014-03-15,2014.0,Confirmed,Admin0,Week,WHOEMRO-PAK-2014-W01-22,EMRO
,,,9,,,PAKISTAN,PAKISTAN,PAK,188.0,PAK,,2014-03-22,,Confirmed,Admin0,Week,WHOEMRO-PAK-2014-W01-22,EMRO
,,,1,,,PAKISTAN,PAKISTAN,PAK,188.0,PAK,,2014-03-29,,Confirmed,Admin0,Week,WHOEMRO-PAK-2014-W01-22,EMRO
2014-06-04,,,0,,,PAKISTAN,PAKISTAN,PAK,188.0,PAK,,2014-04-12,2014.0,Confirmed,Admin0,Week,WHOEMRO-PAK-2014-W01-22,EMRO
,,,3,,,PAKISTAN,PAKISTAN,PAK,188.0,PAK,,2014-04-26,,Confirmed,Admin0,Week,WHOEMRO-PAK-2014-W01-22,EMRO
2014-04-05,,,0,,,PAKISTAN,PAKISTAN,PAK,188.0,PAK,,2014-05-10,2014.0,Confirmed,Admin0,Week,WHOEMRO-PAK-2014-W01-22,EMRO
2014-11-05,,,0,,,PAKISTAN,PAKISTAN,PAK,188.0,PAK,,2014-05-17,2014.0,Confirmed,Admin0,Week,WHOEMRO-PAK-2014-W01-22,EMRO
,,,121,,,PAKISTAN,PAKISTAN,PAK,188.0,PAK,,2014-05-31,,Confirmed,Admin0,Week,WHOEMRO-PAK-2014-W01-23,EMRO
2014-01-06,,,0,,,PAKISTAN,PAKISTAN,PAK,188.0,PAK,,2014-06-07,2014.0,Confirmed,Admin0,Week,WHOEMRO-PAK-2014-W01-25,EMRO
2014-08-06,,,0,,,PAKISTAN,PAKISTAN,PAK,188.0,PAK,,2014-06-14,2014.0,Confirmed,Admin0,Week,WHOEMRO-PAK-2014-W01-25,EMRO
,,,2,,,PAKISTAN,PAKISTAN,PAK,188.0,PAK,,2014-08-23,,Confirmed,Admin0,Week,WHOEMRO-PAK-2014-W01-35,EMRO
2014-07-09,,,17,,,PAKISTAN,PAKISTAN,PAK,188.0,PAK,,2014-09-13,2014.0,Confirmed,Admin0,Week,WHOEMRO-PAK-2014-W01-38,EMRO
,,,26,,,PAKISTAN,PAKISTAN,PAK,188.0,PAK,,2014-09-27,,Confirmed,Admin0,Week,WHOEMRO-PAK-2014-W01-40,EMRO
,,,67,,,PAKISTAN,PAKISTAN,PAK,188.0,PAK,,2014-10-04,,Confirmed,Admin0,Week,WHOEMRO-PAK-2014-W01-41,EMRO
2014-05-10,,,163,,,PAKISTAN,PAKISTAN,PAK,188.0,PAK,,2014-10-11,2014.0,Confirmed,Admin0,Week,WHOEMRO-PAK-2014-W01-42,EMRO
2014-12-10,,,1,,,PAKISTAN,PAKISTAN,PAK,188.0,PAK,,2014-10-18,2014.0,Confirmed,Admin0,Week,WHOEMRO-PAK-2014-W01-43,EMRO
,,,10,,,PAKISTAN,PAKISTAN,PAK,188.0,PAK,,2014-11-01,,Confirmed,Admin0,Week,WHOEMRO-PAK-2014-W01-45,EMRO
2015-01-01,,,13088,,,PAKISTAN,PAKISTAN,PAK,188.0,PAK,,2015-12-31,2015.0,Suspected and confirmed,Admin0,Year,LITERATURE-PAK-19942022-Y01-01,EMRO
2016-01-01,,,9260,,,PAKISTAN,PAKISTAN,PAK,188.0,PAK,,2016-12-31,2016.0,Confirmed,Admin0,Year,LITERATURE-PAK-19942022-Y01-02,EMRO
2017-01-01,,,25023,,,PAKISTAN,PAKISTAN,PAK,188.0,PAK,,2017-12-31,2017.0,Suspected and confirmed,Admin0,Year,LITERATURE-PAK-19942022-Y01-01,EMRO
2017-09-07,,,74,,,PAKISTAN,PAKISTAN,PAK,188.0,PAK,,2017-07-15,2017.0,Confirmed,Admin0,Week,WHOEMRO-ALL-2017-Y01-01,EMRO
,,,43,,,PAKISTAN,PAKISTAN,PAK,188.0,PAK,,2017-07-22,,Confirmed,Admin0,Week,WHOEMRO-ALL-2017-Y01-01,EMRO
,,,85,,,PAKISTAN,PAKISTAN,PAK,188.0,PAK,,2017-07-29,,Confirmed,Admin0,Week,WHOEMRO-ALL-2017-Y01-01,EMRO
,,,159,,,PAKISTAN,PAKISTAN,PAK,188.0,PAK,,2017-08-05,,Confirmed,Admin0,Week,WHOEMRO-ALL-2017-Y01-01,EMRO
2017-06-08,,,160,,,PAKISTAN,PAKISTAN,PAK,188.0,PAK,,2017-08-12,2017.0,Confirmed,Admin0,Week,WHOEMRO-ALL-2017-Y01-01,EMRO
,,,139,,,PAKISTAN,PAKISTAN,PAK,188.0,PAK,,2017-08-19,,Confirmed,Admin0,Week,WHOEMRO-ALL-2017-Y01-01,EMRO
,,,1481,,,PAKISTAN,PAKISTAN,PAK,188.0,PAK,,2017-08-26,,Confirmed,Admin0,Week,WHOEMRO-ALL-2017-Y01-01,EMRO
,,,1869,,,PAKISTAN,PAKISTAN,PAK,188.0,PAK,,2017-09-02,,Confirmed,Admin0,Week,WHOEMRO-ALL-2017-Y01-01,EMRO
2017-03-09,,,2310,,,PAKISTAN,PAKISTAN,PAK,188.0,PAK,,2017-09-09,2017.0,Confirmed,Admin0,Week,WHOEMRO-ALL-2017-Y01-01,EMRO
2017-10-09,,,1954,,,PAKISTAN,PAKISTAN,PAK,188.0,PAK,,2017-09-16,2017.0,Confirmed,Admin0,Week,WHOEMRO-ALL-2017-Y01-01,EMRO
,,,1473,,,PAKISTAN,PAKISTAN,PAK,188.0,PAK,,2017-09-23,,Confirmed,Admin0,Week,WHOEMRO-ALL-2017-Y01-01,EMRO
,,,2396,,,PAKISTAN,PAKISTAN,PAK,188.0,PAK,,2017-09-30,,Confirmed,Admin0,Week,WHOEMRO-ALL-2017-Y01-01,EMRO
2017-01-10,,,2627,,,PAKISTAN,PAKISTAN,PAK,188.0,PAK,,2017-10-07,2017.0,Confirmed,Admin0,Week,WHOEMRO-ALL-2017-Y01-01,EMRO
2017-08-10,,,2973,,,PAKISTAN,PAKISTAN,PAK,188.0,PAK,,2017-10-14,2017.0,Confirmed,Admin0,Week,WHOEMRO-ALL-2017-Y01-01,EMRO
,,,2733,,,PAKISTAN,PAKISTAN,PAK,188.0,PAK,,2017-10-21,,Confirmed,Admin0,Week,WHOEMRO-ALL-2017-Y01-01,EMRO
,,,2000,,,PAKISTAN,PAKISTAN,PAK,188.0,PAK,,2017-10-28,,Confirmed,Admin0,Week,WHOEMRO-ALL-2017-Y01-01,EMRO
,,,1078,,,PAKISTAN,PAKISTAN,PAK,188.0,PAK,,2017-11-04,,Confirmed,Admin0,Week,WHOEMRO-ALL-2017-Y01-01,EMRO
2017-05-11,,,733,,,PAKISTAN,PAKISTAN,PAK,188.0,PAK,,2017-11-11,2017.0,Confirmed,Admin0,Week,WHOEMRO-ALL-2017-Y01-01,EMRO
2017-12-11,,,272,,,PAKISTAN,PAKISTAN,PAK,188.0,PAK,,2017-11-18,2017.0,Confirmed,Admin0,Week,WHOEMRO-ALL-2017-Y01-01,EMRO
,,,126,,,PAKISTAN,PAKISTAN,PAK,188.0,PAK,,2017-11-25,,Confirmed,Admin0,Week,WHOEMRO-ALL-2017-Y01-01,EMRO
2018-01-01,,,6054,,,PAKISTAN,PAKISTAN,PAK,188.0,PAK,,2018-12-31,2018.0,Suspected and confirmed,Admin0,Year,LITERATURE-PAK-19942022-Y01-01,EMRO
2019-01-01,SINDH,,143,,,PAKISTAN,"PAKISTAN, SINDH",PAK,2277.0,PK-SD,,2019-01-31,2019.0,Total,Admin1,Month,MOH-PAK-2019-W01-30,EMRO
2019-01-01,KPK,,0,,,PAKISTAN,"PAKISTAN, KPK",PAK,2275.0,PK-KP,,2019-01-31,2019.0,Total,Admin1,Month,MOH-PAK-2019-W01-30,EMRO
2019-01-01,TDS-KP,,0,,,PAKISTAN,"PAKISTAN, TDS-KP",PAK,2273.0,PK-TA,,2019-01-31,2019.0,Total,Admin1,Month,MOH-PAK-2019-W01-30,EMRO
2019-01-01,AJK,,0,,,PAKISTAN,"PAKISTAN, AJK",PAK,40408.0,PK-JK,,2019-01-31,2019.0,Total,Admin1,Month,MOH-PAK-2019-W01-30,EMRO
2019-01-01,ICT,,0,,,PAKISTAN,"PAKISTAN, ICT",PAK,2274.0,PK-IS,,2019-01-31,2019.0,Total,Admin1,Month,MOH-PAK-2019-W01-30,EMRO
2019-01-01,BALUCH,,12,,,PAKISTAN,"PAKISTAN, BALUCH",PAK,2272.0,PK-BA,,2019-01-31,2019.0,Total,Admin1,Month,MOH-PAK-2019-W01-30,EMRO
2019-01-01,PUNJAB,,1,,,PAKISTAN,"PAKISTAN, PUNJAB",PAK,2276.0,PK-PB,,2019-01-31,2019.0,Total,Admin1,Month,MOH-PAK-2019-W01-30,EMRO
2019-01-01,,,48330,,,PAKISTAN,PAKISTAN,PAK,188.0,PAK,,2019-12-31,2019.0,Suspected and confirmed,Admin0,Year,LITERATURE-PAK-19942022-Y01-01,EMRO
2019-01-02,SINDH,,99,,,PAKISTAN,"PAKISTAN, SINDH",PAK,2277.0,PK-SD,,2019-02-28,2019.0,Total,Admin1,Month,MOH-PAK-2019-W01-30,EMRO
2019-01-02,BALUCH,,30,,,PAKISTAN,"PAKISTAN, BALUCH",PAK,2272.0,PK-BA,,2019-02-28,2019.0,Total,Admin1,Month,MOH-PAK-2019-W01-30,EMRO
2019-01-02,PUNJAB,,0,,,PAKISTAN,"PAKISTAN, PUNJAB",PAK,2276.0,PK-PB,,2019-02-28,2019.0,Total,Admin1,Month,MOH-PAK-2019-W01-30,EMRO
2019-01-02,TDS-KP,,0,,,PAKISTAN,"PAKISTAN, TDS-KP",PAK,2273.0,PK-TA,,2019-02-28,2019.0,Total,Admin1,Month,MOH-PAK-2019-W01-30,EMRO
2019-01-02,ICT,,0,,,PAKISTAN,"PAKISTAN, ICT",PAK,2274.0,PK-IS,,2019-02-28,2019.0,Total,Admin1,Month,MOH-PAK-2019-W01-30,EMRO
2019-01-02,AJK,,0,,,PAKISTAN,"PAKISTAN, AJK",PAK,40408.0,PK-JK,,2019-02-28,2019.0,Total,Admin1,Month,MOH-PAK-2019-W01-30,EMRO
2019-01-02,KPK,,0,,,PAKISTAN,"PAKISTAN, KPK",PAK,2275.0,PK-KP,,2019-02-28,2019.0,Total,Admin1,Month,MOH-PAK-2019-W01-30,EMRO
2019-01-03,AJK,,0,,,PAKISTAN,"PAKISTAN, AJK",PAK,40408.0,PK-JK,,2019-03-31,2019.0,Total,Admin1,Month,MOH-PAK-2019-W01-30,EMRO
2019-01-03,SINDH,,67,,,PAKISTAN,"PAKISTAN, SINDH",PAK,2277.0,PK-SD,,2019-03-31,2019.0,Total,Admin1,Month,MOH-PAK-2019-W01-30,EMRO
2019-01-03,PUNJAB,,0,,,PAKISTAN,"PAKISTAN, PUNJAB",PAK,2276.0,PK-PB,,2019-03-31,2019.0,Total,Admin1,Month,MOH-PAK-2019-W01-30,EMRO
2019-01-03,KPK,,0,,,PAKISTAN,"PAKISTAN, KPK",PAK,2275.0,PK-KP,,2019-03-31,2019.0,Total,Admin1,Month,MOH-PAK-2019-W01-30,EMRO
2019-01-03,BALUCH,,251,,,PAKISTAN,"PAKISTAN, BALUCH",PAK,2272.0,PK-BA,,2019-03-31,2019.0,Total,Admin1,Month,MOH-PAK-2019-W01-30,EMRO
2019-01-03,TDS-KP,,0,,,PAKISTAN,"PAKISTAN, TDS-KP",PAK,2273.0,PK-TA,,2019-03-31,2019.0,Total,Admin1,Month,MOH-PAK-2019-W01-30,EMRO
2019-01-03,ICT,,0,,,PAKISTAN,"PAKISTAN, ICT",PAK,2274.0,PK-IS,,2019-03-31,2019.0,Total,Admin1,Month,MOH-PAK-2019-W01-30,EMRO
2019-01-04,ICT,,2,,,PAKISTAN,"PAKISTAN, ICT",PAK,2274.0,PK-IS,,2019-04-30,2019.0,Total,Admin1,Month,MOH-PAK-2019-W01-30,EMRO
2019-01-04,PUNJAB,,1,,,PAKISTAN,"PAKISTAN, PUNJAB",PAK,2276.0,PK-PB,,2019-04-30,2019.0,Total,Admin1,Month,MOH-PAK-2019-W01-30,EMRO
2019-01-04,BALUCH,,549,,,PAKISTAN,"PAKISTAN, BALUCH",PAK,2272.0,PK-BA,,2019-04-30,2019.0,Total,Admin1,Month,MOH-PAK-2019-W01-30,EMRO
2019-01-04,AJK,,0,,,PAKISTAN,"PAKISTAN, AJK",PAK,40408.0,PK-JK,,2019-04-30,2019.0,Total,Admin1,Month,MOH-PAK-2019-W01-30,EMRO
2019-01-04,KPK,,1,,,PAKISTAN,"PAKISTAN, KPK",PAK,2275.0,PK-KP,,2019-04-30,2019.0,Total,Admin1,Month,MOH-PAK-2019-W01-30,EMRO
2019-01-04,SINDH,,93,,,PAKISTAN,"PAKISTAN, SINDH",PAK,2277.0,PK-SD,,2019-04-30,2019.0,Total,Admin1,Month,MOH-PAK-2019-W01-30,EMRO
2019-01-04,TDS-KP,,2,,,PAKISTAN,"PAKISTAN, TDS-KP",PAK,2273.0,PK-TA,,2019-04-30,2019.0,Total,Admin1,Month,MOH-PAK-2019-W01-30,EMRO
2019-01-05,AJK,,0,,,PAKISTAN,"PAKISTAN, AJK",PAK,40408.0,PK-JK,,2019-05-31,2019.0,Total,Admin1,Month,MOH-PAK-2019-W01-30,EMRO
2019-01-05,KPK,,1,,,PAKISTAN,"PAKISTAN, KPK",PAK,2275.0,PK-KP,,2019-05-31,2019.0,Total,Admin1,Month,MOH-PAK-2019-W01-30,EMRO
2019-01-05,BALUCH,,535,,,PAKISTAN,"PAKISTAN, BALUCH",PAK,2272.0,PK-BA,,2019-05-31,2019.0,Total,Admin1,Month,MOH-PAK-2019-W01-30,EMRO
2019-01-05,ICT,,0,,,PAKISTAN,"PAKISTAN, ICT",PAK,2274.0,PK-IS,,2019-05-31,2019.0,Total,Admin1,Month,MOH-PAK-2019-W01-30,EMRO
2019-01-05,PUNJAB,,1,,,PAKISTAN,"PAKISTAN, PUNJAB",PAK,2276.0,PK-PB,,2019-05-31,2019.0,Total,Admin1,Month,MOH-PAK-2019-W01-30,EMRO
2019-01-05,SINDH,,176,,,PAKISTAN,"PAKISTAN, SINDH",PAK,2277.0,PK-SD,,2019-05-31,2019.0,Total,Admin1,Month,MOH-PAK-2019-W01-30,EMRO
2019-01-05,TDS-KP,,37,,,PAKISTAN,"PAKISTAN, TDS-KP",PAK,2273.0,PK-TA,,2019-05-31,2019.0,Total,Admin1,Month,MOH-PAK-2019-W01-30,EMRO
2019-01-06,BALUCH,,263,,,PAKISTAN,"PAKISTAN, BALUCH",PAK,2272.0,PK-BA,,2019-06-30,2019.0,Total,Admin1,Month,MOH-PAK-2019-W01-30,EMRO
2019-01-06,KPK,,5,,,PAKISTAN,"PAKISTAN, KPK",PAK,2275.0,PK-KP,,2019-06-30,2019.0,Total,Admin1,Month,MOH-PAK-2019-W01-30,EMRO
2019-01-06,AJK,,0,,,PAKISTAN,"PAKISTAN, AJK",PAK,40408.0,PK-JK,,2019-06-30,2019.0,Total,Admin1,Month,MOH-PAK-2019-W01-30,EMRO
2019-01-06,PUNJAB,,4,,,PAKISTAN,"PAKISTAN, PUNJAB",PAK,2276.0,PK-PB,,2019-06-30,2019.0,Total,Admin1,Month,MOH-PAK-2019-W01-30,EMRO
2019-01-06,SINDH,,219,,,PAKISTAN,"PAKISTAN, SINDH",PAK,2277.0,PK-SD,,2019-06-30,2019.0,Total,Admin1,Month,MOH-PAK-2019-W01-30,EMRO
2019-01-06,ICT,,0,,,PAKISTAN,"PAKISTAN, ICT",PAK,2274.0,PK-IS,,2019-06-30,2019.0,Total,Admin1,Month,MOH-PAK-2019-W01-30,EMRO
2019-01-06,TDS-KP,,0,,,PAKISTAN,"PAKISTAN, TDS-KP",PAK,2273.0,PK-TA,,2019-06-30,2019.0,Total,Admin1,Month,MOH-PAK-2019-W01-30,EMRO
2019-01-07,AJK,,0,,,PAKISTAN,"PAKISTAN, AJK",PAK,40408.0,PK-JK,,2019-07-31,2019.0,Total,Admin1,Month,MOH-PAK-2019-W01-30,EMRO
2019-01-07,PUNJAB,,38,,,PAKISTAN,"PAKISTAN, PUNJAB",PAK,2276.0,PK-PB,,2019-07-31,2019.0,Total,Admin1,Month,MOH-PAK-2019-W01-30,EMRO
2019-01-07,BALUCH,,57,,,PAKISTAN,"PAKISTAN, BALUCH",PAK,2272.0,PK-BA,,2019-07-31,2019.0,Total,Admin1,Month,MOH-PAK-2019-W01-30,EMRO
2019-01-07,KPK,,33,,,PAKISTAN,"PAKISTAN, KPK",PAK,2275.0,PK-KP,,2019-07-31,2019.0,Total,Admin1,Month,MOH-PAK-2019-W01-30,EMRO
2019-01-07,ICT,,0,,,PAKISTAN,"PAKISTAN, ICT",PAK,2274.0,PK-IS,,2019-07-31,2019.0,Total,Admin1,Month,MOH-PAK-2019-W01-30,EMRO
2019-01-07,SINDH,,205,,,PAKISTAN,"PAKISTAN, SINDH",PAK,2277.0,PK-SD,,2019-07-31,2019.0,Total,Admin1,Month,MOH-PAK-2019-W01-30,EMRO
2019-01-07,TDS-KP,,4,,,PAKISTAN,"PAKISTAN, TDS-KP",PAK,2273.0,PK-TA,,2019-07-31,2019.0,Total,Admin1,Month,MOH-PAK-2019-W01-30,EMRO
2019-01-08,KPK,,88,,,PAKISTAN,"PAKISTAN, KPK",PAK,2275.0,PK-KP,,2019-08-31,2019.0,Total,Admin1,Month,MOH-PAK-2019-W01-36,EMRO
2019-01-08,ICT,,140,,,PAKISTAN,"PAKISTAN, ICT",PAK,2274.0,PK-IS,,2019-08-31,2019.0,Total,Admin1,Month,MOH-PAK-2019-W01-36,EMRO
2019-01-08,BALUCH,,6,,,PAKISTAN,"PAKISTAN, BALUCH",PAK,2272.0,PK-BA,,2019-08-31,2019.0,Total,Admin1,Month,MOH-PAK-2019-W01-36,EMRO
2019-01-08,SINDH,,0,,,PAKISTAN,"PAKISTAN, SINDH",PAK,2277.0,PK-SD,,2019-08-31,2019.0,Total,Admin1,Month,MOH-PAK-2019-W01-36,EMRO
2019-01-08,PUNJAB,,758,,,PAKISTAN,"PAKISTAN, PUNJAB",PAK,2276.0,PK-PB,,2019-08-31,2019.0,Total,Admin1,Month,MOH-PAK-2019-W01-36,EMRO
2019-01-08,AJK,,2,,,PAKISTAN,"PAKISTAN, AJK",PAK,40408.0,PK-JK,,2019-08-31,2019.0,Total,Admin1,Month,MOH-PAK-2019-W01-36,EMRO
2019-01-08,TDS-KP,,10,,,PAKISTAN,"PAKISTAN, TDS-KP",PAK,2273.0,PK-TA,,2019-08-31,2019.0,Total,Admin1,Month,MOH-PAK-2019-W01-36,EMRO
2019-01-09,KPK,,2513,,,PAKISTAN,"PAKISTAN, KPK",PAK,2275.0,PK-KP,,2019-09-30,2019.0,Total,Admin1,Month,MOH-PAK-2019-W01-49,EMRO
2019-01-09,BALUCH,,297,,,PAKISTAN,"PAKISTAN, BALUCH",PAK,2272.0,PK-BA,,2019-09-30,2019.0,Total,Admin1,Month,MOH-PAK-2019-W01-49,EMRO
2019-01-09,PUNJAB,,2714,,,PAKISTAN,"PAKISTAN, PUNJAB",PAK,2276.0,PK-PB,,2019-09-30,2019.0,Total,Admin1,Month,MOH-PAK-2019-W01-49,EMRO
2019-01-09,SINDH,,1935,,,PAKISTAN,"PAKISTAN, SINDH",PAK,2277.0,PK-SD,,2019-09-30,2019.0,Total,Admin1,Month,MOH-PAK-2019-W01-49,EMRO
2019-01-09,TDS-KP,,235,,,PAKISTAN,"PAKISTAN, TDS-KP",PAK,2273.0,PK-TA,,2019-09-30,2019.0,Total,Admin1,Month,MOH-PAK-2019-W01-49,EMRO
2019-01-09,ICT,,2705,,,PAKISTAN,"PAKISTAN, ICT",PAK,2274.0,PK-IS,,2019-09-30,2019.0,Total,Admin1,Month,MOH-PAK-2019-W01-49,EMRO
2019-01-09,AJK,,504,,,PAKISTAN,"PAKISTAN, AJK",PAK,40408.0,PK-JK,,2019-09-30,2019.0,Total,Admin1,Month,MOH-PAK-2019-W01-49,EMRO
2019-01-10,KPK,,2430,,,PAKISTAN,"PAKISTAN, KPK",PAK,2275.0,PK-KP,,2019-10-31,2019.0,Total,Admin1,Month,MOH-PAK-2019-W01-49,EMRO
2019-01-10,ICT,,0,,,PAKISTAN,"PAKISTAN, ICT",PAK,2274.0,PK-IS,,2019-10-31,2019.0,Total,Admin1,Month,MOH-PAK-2019-W01-49,EMRO
2019-01-10,BALUCH,,346,,,PAKISTAN,"PAKISTAN, BALUCH",PAK,2272.0,PK-BA,,2019-10-31,2019.0,Total,Admin1,Month,MOH-PAK-2019-W01-49,EMRO
2019-01-10,SINDH,,0,,,PAKISTAN,"PAKISTAN, SINDH",PAK,2277.0,PK-SD,,2019-10-31,2019.0,Total,Admin1,Month,MOH-PAK-2019-W01-49,EMRO
2019-01-10,PUNJAB,,4630,,,PAKISTAN,"PAKISTAN, PUNJAB",PAK,2276.0,PK-PB,,2019-10-31,2019.0,Total,Admin1,Month,MOH-PAK-2019-W01-49,EMRO
2019-01-10,TDS-KP,,1083,,,PAKISTAN,"PAKISTAN, TDS-KP",PAK,2273.0,PK-TA,,2019-10-31,2019.0,Total,Admin1,Month,MOH-PAK-2019-W01-49,EMRO
2019-01-10,AJK,,0,,,PAKISTAN,"PAKISTAN, AJK",PAK,40408.0,PK-JK,,2019-10-31,2019.0,Total,Admin1,Month,MOH-PAK-2019-W01-49,EMRO
2019-01-11,PUNJAB,,623,,,PAKISTAN,"PAKISTAN, PUNJAB",PAK,2276.0,PK-PB,,2019-11-30,2019.0,Total,Admin1,Month,MOH-PAK-2019-W01-49,EMRO
2019-01-11,SINDH,,0,,,PAKISTAN,"PAKISTAN, SINDH",PAK,2277.0,PK-SD,,2019-11-30,2019.0,Total,Admin1,Month,MOH-PAK-2019-W01-49,EMRO
2019-01-11,ICT,,0,,,PAKISTAN,"PAKISTAN, ICT",PAK,2274.0,PK-IS,,2019-11-30,2019.0,Total,Admin1,Month,MOH-PAK-2019-W01-49,EMRO
2019-01-11,BALUCH,,340,,,PAKISTAN,"PAKISTAN, BALUCH",PAK,2272.0,PK-BA,,2019-11-30,2019.0,Total,Admin1,Month,MOH-PAK-2019-W01-49,EMRO
2019-01-11,AJK,,0,,,PAKISTAN,"PAKISTAN, AJK",PAK,40408.0,PK-JK,,2019-11-30,2019.0,Total,Admin1,Month,MOH-PAK-2019-W01-49,EMRO
2019-01-11,TDS-KP,,113,,,PAKISTAN,"PAKISTAN, TDS-KP",PAK,2273.0,PK-TA,,2019-11-30,2019.0,Total,Admin1,Month,MOH-PAK-2019-W01-49,EMRO
2019-01-11,KPK,,143,,,PAKISTAN,"PAKISTAN, KPK",PAK,2275.0,PK-KP,,2019-11-30,2019.0,Total,Admin1,Month,MOH-PAK-2019-W01-49,EMRO
2019-01-12,ICT,,0,,,PAKISTAN,"PAKISTAN, ICT",PAK,2274.0,PK-IS,,2019-12-31,2019.0,Total,Admin1,Month,MOH-PAK-2019-W01-49,EMRO
2019-01-12,SINDH,,0,,,PAKISTAN,"PAKISTAN, SINDH",PAK,2277.0,PK-SD,,2019-12-31,2019.0,Total,Admin1,Month,MOH-PAK-2019-W01-49,EMRO
2019-01-12,AJK,,0,,,PAKISTAN,"PAKISTAN, AJK",PAK,40408.0,PK-JK,,2019-12-31,2019.0,Total,Admin1,Month,MOH-PAK-2019-W01-49,EMRO
2019-01-12,KPK,,0,,,PAKISTAN,"PAKISTAN, KPK",PAK,2275.0,PK-KP,,2019-12-31,2019.0,Total,Admin1,Month,MOH-PAK-2019-W01-49,EMRO
2019-01-12,TDS-KP,,0,,,PAKISTAN,"PAKISTAN, TDS-KP",PAK,2273.0,PK-TA,,2019-12-31,2019.0,Total,Admin1,Month,MOH-PAK-2019-W01-49,EMRO
2019-01-12,PUNJAB,,29,,,PAKISTAN,"PAKISTAN, PUNJAB",PAK,2276.0,PK-PB,,2019-12-31,2019.0,Total,Admin1,Month,MOH-PAK-2019-W01-49,EMRO
2019-01-12,BALUCH,,45,,,PAKISTAN,"PAKISTAN, BALUCH",PAK,2272.0,PK-BA,,2019-12-31,2019.0,Total,Admin1,Month,MOH-PAK-2019-W01-49,EMRO
2020-01-01,,,45121,,,PAKISTAN,PAKISTAN,PAK,188.0,PAK,,2020-12-31,2020.0,Suspected and confirmed,Admin0,Year,LITERATURE-PAK-19942022-Y01-01,EMRO
2020-12-07,AJK,,0,,,PAKISTAN,"PAKISTAN, AJK",PAK,40408.0,PK-JK,,2020-07-18,2020.0,Total,Admin1,Week,MOH-PAK-2020-W01-29,EMRO
2020-12-07,BALUCH,,0,,,PAKISTAN,"PAKISTAN, BALUCH",PAK,2272.0,PK-BA,,2020-07-18,2020.0,Total,Admin1,Week,MOH-PAK-2020-W01-29,EMRO
2020-12-07,KPK,,0,,,PAKISTAN,"PAKISTAN, KPK",PAK,2275.0,PK-KP,,2020-07-18,2020.0,Total,Admin1,Week,MOH-PAK-2020-W01-29,EMRO
2020-12-07,TDS-KP,,1,,,PAKISTAN,"PAKISTAN, TDS-KP",PAK,2273.0,PK-TA,,2020-07-18,2020.0,Total,Admin1,Week,MOH-PAK-2020-W01-29,EMRO
2020-12-07,SINDH,,0,,,PAKISTAN,"PAKISTAN, SINDH",PAK,2277.0,PK-SD,,2020-07-18,2020.0,Total,Admin1,Week,MOH-PAK-2020-W01-29,EMRO
2020-12-07,PUNJAB,,0,,,PAKISTAN,"PAKISTAN, PUNJAB",PAK,2276.0,PK-PB,,2020-07-18,2020.0,Total,Admin1,Week,MOH-PAK-2020-W01-29,EMRO
2020-12-07,ICT,,0,,,PAKISTAN,"PAKISTAN, ICT",PAK,2274.0,PK-IS,,2020-07-18,2020.0,Total,Admin1,Week,MOH-PAK-2020-W01-29,EMRO
,PUNJAB,,6,,,PAKISTAN,"PAKISTAN, PUNJAB",PAK,2276.0,PK-PB,,2020-08-29,,Total,Admin1,Week,MOH-PAK-2020-W01-35,EMRO
,BALUCH,,3,,,PAKISTAN,"PAKISTAN, BALUCH",PAK,2272.0,PK-BA,,2020-08-29,,Total,Admin1,Week,MOH-PAK-2020-W01-35,EMRO
2020-06-09,BALUCH,,0,,,PAKISTAN,"PAKISTAN, BALUCH",PAK,2272.0,PK-BA,,2020-09-12,2020.0,Total,Admin1,Week,MOH-PAK-2020-W01-37,EMRO
2020-06-09,PUNJAB,,0,,,PAKISTAN,"PAKISTAN, PUNJAB",PAK,2276.0,PK-PB,,2020-09-12,2020.0,Total,Admin1,Week,MOH-PAK-2020-W01-37,EMRO
2020-06-09,KPK,,0,,,PAKISTAN,"PAKISTAN, KPK",PAK,2275.0,PK-KP,,2020-09-12,2020.0,Total,Admin1,Week,MOH-PAK-2020-W01-37,EMRO
2020-06-09,AJK,,0,,,PAKISTAN,"PAKISTAN, AJK",PAK,40408.0,PK-JK,,2020-09-12,2020.0,Total,Admin1,Week,MOH-PAK-2020-W01-37,EMRO
2020-06-09,ICT,,4,,,PAKISTAN,"PAKISTAN, ICT",PAK,2274.0,PK-IS,,2020-09-12,2020.0,Total,Admin1,Week,MOH-PAK-2020-W01-37,EMRO
2020-06-09,SINDH,,69,,,PAKISTAN,"PAKISTAN, SINDH",PAK,2277.0,PK-SD,,2020-09-12,2020.0,Total,Admin1,Week,MOH-PAK-2020-W01-37,EMRO
2020-06-09,TDS-KP,,0,,,PAKISTAN,"PAKISTAN, TDS-KP",PAK,2273.0,PK-TA,,2020-09-12,2020.0,Total,Admin1,Week,MOH-PAK-2020-W01-37,EMRO
,BALUCH,,67,,,PAKISTAN,"PAKISTAN, BALUCH",PAK,2272.0,PK-BA,,2020-09-19,,Total,Admin1,Week,MOH-PAK-2020-W01-38,EMRO
,ICT,,2,,,PAKISTAN,"PAKISTAN, ICT",PAK,2274.0,PK-IS,,2020-09-19,,Total,Admin1,Week,MOH-PAK-2020-W01-38,EMRO
2020-04-10,PUNJAB,,0,,,PAKISTAN,"PAKISTAN, PUNJAB",PAK,2276.0,PK-PB,,2020-10-10,2020.0,Total,Admin1,Week,MOH-PAK-2020-W01-41,EMRO
2020-04-10,KPK,,0,,,PAKISTAN,"PAKISTAN, KPK",PAK,2275.0,PK-KP,,2020-10-10,2020.0,Total,Admin1,Week,MOH-PAK-2020-W01-41,EMRO
2020-04-10,SINDH,,220,,,PAKISTAN,"PAKISTAN, SINDH",PAK,2277.0,PK-SD,,2020-10-10,2020.0,Total,Admin1,Week,MOH-PAK-2020-W01-41,EMRO
2020-04-10,AJK,,0,,,PAKISTAN,"PAKISTAN, AJK",PAK,40408.0,PK-JK,,2020-10-10,2020.0,Total,Admin1,Week,MOH-PAK-2020-W01-41,EMRO
2020-04-10,BALUCH,,3,,,PAKISTAN,"PAKISTAN, BALUCH",PAK,2272.0,PK-BA,,2020-10-10,2020.0,Total,Admin1,Week,MOH-PAK-2020-W01-41,EMRO
2020-04-10,ICT,,17,,,PAKISTAN,"PAKISTAN, ICT",PAK,2274.0,PK-IS,,2020-10-10,2020.0,Total,Admin1,Week,MOH-PAK-2020-W01-41,EMRO
2020-04-10,TDS-KP,,0,,,PAKISTAN,"PAKISTAN, TDS-KP",PAK,2273.0,PK-TA,,2020-10-10,2020.0,Total,Admin1,Week,MOH-PAK-2020-W01-41,EMRO
2020-11-10,AJK,,0,,,PAKISTAN,"PAKISTAN, AJK",PAK,40408.0,PK-JK,,2020-10-17,2020.0,Total,Admin1,Week,MOH-PAK-2020-W01-42,EMRO
2020-11-10,PUNJAB,,0,,,PAKISTAN,"PAKISTAN, PUNJAB",PAK,2276.0,PK-PB,,2020-10-17,2020.0,Total,Admin1,Week,MOH-PAK-2020-W01-42,EMRO
2020-11-10,KPK,,0,,,PAKISTAN,"PAKISTAN, KPK",PAK,2275.0,PK-KP,,2020-10-17,2020.0,Total,Admin1,Week,MOH-PAK-2020-W01-42,EMRO
2020-11-10,ICT,,15,,,PAKISTAN,"PAKISTAN, ICT",PAK,2274.0,PK-IS,,2020-10-17,2020.0,Total,Admin1,Week,MOH-PAK-2020-W01-42,EMRO
2020-11-10,SINDH,,228,,,PAKISTAN,"PAKISTAN, SINDH",PAK,2277.0,PK-SD,,2020-10-17,2020.0,Total,Admin1,Week,MOH-PAK-2020-W01-42,EMRO
2020-11-10,TDS-KP,,0,,,PAKISTAN,"PAKISTAN, TDS-KP",PAK,2273.0,PK-TA,,2020-10-17,2020.0,Total,Admin1,Week,MOH-PAK-2020-W01-42,EMRO
2020-11-10,BALUCH,,10,,,PAKISTAN,"PAKISTAN, BALUCH",PAK,2272.0,PK-BA,,2020-10-17,2020.0,Total,Admin1,Week,MOH-PAK-2020-W01-42,EMRO
,SINDH,,308,,,PAKISTAN,"PAKISTAN, SINDH",PAK,2277.0,PK-SD,,2020-10-24,,Total,Admin1,Week,MOH-PAK-2020-W01-43,EMRO
,BALUCH,,19,,,PAKISTAN,"PAKISTAN, BALUCH",PAK,2272.0,PK-BA,,2020-10-24,,Total,Admin1,Week,MOH-PAK-2020-W01-43,EMRO
,ICT,,13,,,PAKISTAN,"PAKISTAN, ICT",PAK,2274.0,PK-IS,,2020-10-24,,Total,Admin1,Week,MOH-PAK-2020-W01-43,EMRO
,SINDH,,279,,,PAKISTAN,"PAKISTAN, SINDH",PAK,2277.0,PK-SD,,2020-10-31,,Total,Admin1,Week,MOH-PAK-2020-W01-44,EMRO
,BALUCH,,45,,,PAKISTAN,"PAKISTAN, BALUCH",PAK,2272.0,PK-BA,,2020-10-31,,Total,Admin1,Week,MOH-PAK-2020-W01-44,EMRO
,ICT,,26,,,PAKISTAN,"PAKISTAN, ICT",PAK,2274.0,PK-IS,,2020-10-31,,Total,Admin1,Week,MOH-PAK-2020-W01-44,EMRO
2020-01-11,SINDH,,199,,,PAKISTAN,"PAKISTAN, SINDH",PAK,2277.0,PK-SD,,2020-11-07,2020.0,Total,Admin1,Week,MOH-PAK-2020-W01-45,EMRO
2020-01-11,BALUCH,,38,,,PAKISTAN,"PAKISTAN, BALUCH",PAK,2272.0,PK-BA,,2020-11-07,2020.0,Total,Admin1,Week,MOH-PAK-2020-W01-45,EMRO
2020-01-11,TDS-KP,,0,,,PAKISTAN,"PAKISTAN, TDS-KP",PAK,2273.0,PK-TA,,2020-11-07,2020.0,Total,Admin1,Week,MOH-PAK-2020-W01-45,EMRO
2020-01-11,PUNJAB,,0,,,PAKISTAN,"PAKISTAN, PUNJAB",PAK,2276.0,PK-PB,,2020-11-07,2020.0,Total,Admin1,Week,MOH-PAK-2020-W01-45,EMRO
2020-01-11,AJK,,2,,,PAKISTAN,"PAKISTAN, AJK",PAK,40408.0,PK-JK,,2020-11-07,2020.0,Total,Admin1,Week,MOH-PAK-2020-W01-45,EMRO
2020-01-11,KPK,,0,,,PAKISTAN,"PAKISTAN, KPK",PAK,2275.0,PK-KP,,2020-11-07,2020.0,Total,Admin1,Week,MOH-PAK-2020-W01-45,EMRO
2020-01-11,ICT,,19,,,PAKISTAN,"PAKISTAN, ICT",PAK,2274.0,PK-IS,,2020-11-07,2020.0,Total,Admin1,Week,MOH-PAK-2020-W01-45,EMRO
,SINDH,,280,,,PAKISTAN,"PAKISTAN, SINDH",PAK,2277.0,PK-SD,,2020-11-21,,Total,Admin1,Week,MOH-PAK-2020-W01-47,EMRO
,BALUCH,,51,,,PAKISTAN,"PAKISTAN, BALUCH",PAK,2272.0,PK-BA,,2020-11-21,,Total,Admin1,Week,MOH-PAK-2020-W01-47,EMRO
,ICT,,9,,,PAKISTAN,"PAKISTAN, ICT",PAK,2274.0,PK-IS,,2020-11-21,,Total,Admin1,Week,MOH-PAK-2020-W01-47,EMRO
2021-01-01,,,53682,,,PAKISTAN,PAKISTAN,PAK,188.0,PAK,,2021-12-31,2021.0,Suspected and confirmed,Admin0,Year,LITERATURE-PAK-19942022-Y01-01,EMRO
,BALUCH,,12,,,PAKISTAN,"PAKISTAN, BALUCH",PAK,2272.0,PK-BA,,2021-02-06,,Total,Admin1,Week,MOH-PAK-2021-W01-06,EMRO
,SINDH,,14,,,PAKISTAN,"PAKISTAN, SINDH",PAK,2277.0,PK-SD,,2021-02-06,,Total,Admin1,Week,MOH-PAK-2021-W01-06,EMRO
,BALUCH,,30,,,PAKISTAN,"PAKISTAN, BALUCH",PAK,2272.0,PK-BA,,2021-03-27,,Total,Admin1,Week,MOH-PAK-2021-W01-13,EMRO
,SINDH,,46,,,PAKISTAN,"PAKISTAN, SINDH",PAK,2277.0,PK-SD,,2021-03-27,,Total,Admin1,Week,MOH-PAK-2021-W01-13,EMRO
,SINDH,,47,,,PAKISTAN,"PAKISTAN, SINDH",PAK,2277.0,PK-SD,,2021-04-03,,Total,Admin1,Week,MOH-PAK-2021-W01-14,EMRO
2021-04-04,ICT,,0,,,PAKISTAN,"PAKISTAN, ICT",PAK,2274.0,PK-IS,,2021-04-10,2021.0,Total,Admin1,Week,MOH-PAK-2021-W01-15,EMRO
2021-04-04,AJK,,0,,,PAKISTAN,"PAKISTAN, AJK",PAK,40408.0,PK-JK,,2021-04-10,2021.0,Total,Admin1,Week,MOH-PAK-2021-W01-15,EMRO
2021-04-04,KPK,,0,,,PAKISTAN,"PAKISTAN, KPK",PAK,2275.0,PK-KP,,2021-04-10,2021.0,Total,Admin1,Week,MOH-PAK-2021-W01-15,EMRO
2021-04-04,TDS-KP,,0,,,PAKISTAN,"PAKISTAN, TDS-KP",PAK,2273.0,PK-TA,,2021-04-10,2021.0,Total,Admin1,Week,MOH-PAK-2021-W01-15,EMRO
2021-04-04,PUNJAB,,0,,,PAKISTAN,"PAKISTAN, PUNJAB",PAK,2276.0,PK-PB,,2021-04-10,2021.0,Total,Admin1,Week,MOH-PAK-2021-W01-15,EMRO
2021-04-04,SINDH,,31,,,PAKISTAN,"PAKISTAN, SINDH",PAK,2277.0,PK-SD,,2021-04-10,2021.0,Total,Admin1,Week,MOH-PAK-2021-W01-15,EMRO
2021-04-04,BALUCH,,18,,,PAKISTAN,"PAKISTAN, BALUCH",PAK,2272.0,PK-BA,,2021-04-10,2021.0,Total,Admin1,Week,MOH-PAK-2021-W01-15,EMRO
2021-11-04,SINDH,,38,,,PAKISTAN,"PAKISTAN, SINDH",PAK,2277.0,PK-SD,,2021-04-17,2021.0,Total,Admin1,Week,MOH-PAK-2021-W01-16,EMRO
2021-11-04,KPK,,0,,,PAKISTAN,"PAKISTAN, KPK",PAK,2275.0,PK-KP,,2021-04-17,2021.0,Total,Admin1,Week,MOH-PAK-2021-W01-16,EMRO
2021-11-04,AJK,,0,,,PAKISTAN,"PAKISTAN, AJK",PAK,40408.0,PK-JK,,2021-04-17,2021.0,Total,Admin1,Week,MOH-PAK-2021-W01-16,EMRO
2021-11-04,BALUCH,,55,,,PAKISTAN,"PAKISTAN, BALUCH",PAK,2272.0,PK-BA,,2021-04-17,2021.0,Total,Admin1,Week,MOH-PAK-2021-W01-16,EMRO
2021-11-04,TDS-KP,,0,,,PAKISTAN,"PAKISTAN, TDS-KP",PAK,2273.0,PK-TA,,2021-04-17,2021.0,Total,Admin1,Week,MOH-PAK-2021-W01-16,EMRO
2021-11-04,ICT,,0,,,PAKISTAN,"PAKISTAN, ICT",PAK,2274.0,PK-IS,,2021-04-17,2021.0,Total,Admin1,Week,MOH-PAK-2021-W01-16,EMRO
2021-11-04,PUNJAB,,0,,,PAKISTAN,"PAKISTAN, PUNJAB",PAK,2276.0,PK-PB,,2021-04-17,2021.0,Total,Admin1,Week,MOH-PAK-2021-W01-16,EMRO
,BALUCH,,50,,,PAKISTAN,"PAKISTAN, BALUCH",PAK,2272.0,PK-BA,,2021-04-24,,Total,Admin1,Week,MOH-PAK-2021-W01-17,EMRO
,SINDH,,56,,,PAKISTAN,"PAKISTAN, SINDH",PAK,2277.0,PK-SD,,2021-04-24,,Total,Admin1,Week,MOH-PAK-2021-W01-17,EMRO
,BALUCH,,57,,,PAKISTAN,"PAKISTAN, BALUCH",PAK,2272.0,PK-BA,,2021-05-01,,Total,Admin1,Week,MOH-PAK-2021-W01-18,EMRO
,SINDH,,43,,,PAKISTAN,"PAKISTAN, SINDH",PAK,2277.0,PK-SD,,2021-05-01,,Total,Admin1,Week,MOH-PAK-2021-W01-18,EMRO
2021-09-05,SINDH,,40,,,PAKISTAN,"PAKISTAN, SINDH",PAK,2277.0,PK-SD,,2021-05-15,2021.0,Total,Admin1,Week,MOH-PAK-2021-W01-20,EMRO
2021-09-05,PUNJAB,,0,,,PAKISTAN,"PAKISTAN, PUNJAB",PAK,2276.0,PK-PB,,2021-05-15,2021.0,Total,Admin1,Week,MOH-PAK-2021-W01-20,EMRO
2021-09-05,TDS-KP,,0,,,PAKISTAN,"PAKISTAN, TDS-KP",PAK,2273.0,PK-TA,,2021-05-15,2021.0,Total,Admin1,Week,MOH-PAK-2021-W01-20,EMRO
2021-09-05,BALUCH,,51,,,PAKISTAN,"PAKISTAN, BALUCH",PAK,2272.0,PK-BA,,2021-05-15,2021.0,Total,Admin1,Week,MOH-PAK-2021-W01-20,EMRO
2021-09-05,ICT,,0,,,PAKISTAN,"PAKISTAN, ICT",PAK,2274.0,PK-IS,,2021-05-15,2021.0,Total,Admin1,Week,MOH-PAK-2021-W01-20,EMRO
2021-09-05,AJK,,0,,,PAKISTAN,"PAKISTAN, AJK",PAK,40408.0,PK-JK,,2021-05-15,2021.0,Total,Admin1,Week,MOH-PAK-2021-W01-20,EMRO
2021-09-05,KPK,,0,,,PAKISTAN,"PAKISTAN, KPK",PAK,2275.0,PK-KP,,2021-05-15,2021.0,Total,Admin1,Week,MOH-PAK-2021-W01-20,EMRO
,BALUCH,,73,,,PAKISTAN,"PAKISTAN, BALUCH",PAK,2272.0,PK-BA,,2021-05-29,,Total,Admin1,Week,MOH-PAK-2021-W01-22,EMRO
,SINDH,,109,,,PAKISTAN,"PAKISTAN, SINDH",PAK,2277.0,PK-SD,,2021-05-29,,Total,Admin1,Week,MOH-PAK-2021-W01-22,EMRO
2021-06-06,BALUCH,,37,,,PAKISTAN,"PAKISTAN, BALUCH",PAK,2272.0,PK-BA,,2021-06-12,2021.0,Total,Admin1,Week,MOH-PAK-2021-W01-24,EMRO
2021-06-06,ICT,,0,,,PAKISTAN,"PAKISTAN, ICT",PAK,2274.0,PK-IS,,2021-06-12,2021.0,Total,Admin1,Week,MOH-PAK-2021-W01-24,EMRO
2021-06-06,AJK,,0,,,PAKISTAN,"PAKISTAN, AJK",PAK,40408.0,PK-JK,,2021-06-12,2021.0,Total,Admin1,Week,MOH-PAK-2021-W01-24,EMRO
2021-06-06,TDS-KP,,0,,,PAKISTAN,"PAKISTAN, TDS-KP",PAK,2273.0,PK-TA,,2021-06-12,2021.0,Total,Admin1,Week,MOH-PAK-2021-W01-24,EMRO
2021-06-06,SINDH,,109,,,PAKISTAN,"PAKISTAN, SINDH",PAK,2277.0,PK-SD,,2021-06-12,2021.0,Total,Admin1,Week,MOH-PAK-2021-W01-24,EMRO
2021-06-06,PUNJAB,,0,,,PAKISTAN,"PAKISTAN, PUNJAB",PAK,2276.0,PK-PB,,2021-06-12,2021.0,Total,Admin1,Week,MOH-PAK-2021-W01-24,EMRO
2021-06-06,KPK,,0,,,PAKISTAN,"PAKISTAN, KPK",PAK,2275.0,PK-KP,,2021-06-12,2021.0,Total,Admin1,Week,MOH-PAK-2021-W01-24,EMRO
,GILGIT BALTISTAN,NAGAR,5,,,PAKISTAN,"PAKISTAN, GILGIT BALTISTAN, NAGAR",PAK,40409.0,PK-GB,,2021-06-19,,Total,Admin2,Week,MOH-PAK-2021-W02-24,EMRO
,BALOCHISTAN,GWADAR,42,,,PAKISTAN,"PAKISTAN, BALOCHISTAN, GWADAR",PAK,23616.0,PK-BA,,2021-06-26,,Total,Admin2,Week,MOH-PAK-2021-W02-25,EMRO
,BALUCH,,77,,,PAKISTAN,"PAKISTAN, BALUCH",PAK,2272.0,PK-BA,,2021-07-03,,Total,Admin1,Week,MOH-PAK-2021-W01-27,EMRO
2021-04-07,AJK,,0,,,PAKISTAN,"PAKISTAN, AJK",PAK,40408.0,PK-JK,,2021-07-10,2021.0,Total,Admin1,Week,MOH-PAK-2021-W01-28,EMRO
2021-04-07,SINDH,,90,,,PAKISTAN,"PAKISTAN, SINDH",PAK,2277.0,PK-SD,,2021-07-10,2021.0,Total,Admin1,Week,MOH-PAK-2021-W01-28,EMRO
2021-04-07,BALUCH,,60,,,PAKISTAN,"PAKISTAN, BALUCH",PAK,2272.0,PK-BA,,2021-07-10,2021.0,Total,Admin1,Week,MOH-PAK-2021-W01-28,EMRO
2021-04-07,PUNJAB,,0,,,PAKISTAN,"PAKISTAN, PUNJAB",PAK,2276.0,PK-PB,,2021-07-10,2021.0,Total,Admin1,Week,MOH-PAK-2021-W01-28,EMRO
2021-04-07,TDS-KP,,0,,,PAKISTAN,"PAKISTAN, TDS-KP",PAK,2273.0,PK-TA,,2021-07-10,2021.0,Total,Admin1,Week,MOH-PAK-2021-W01-28,EMRO
2021-04-07,ICT,,0,,,PAKISTAN,"PAKISTAN, ICT",PAK,2274.0,PK-IS,,2021-07-10,2021.0,Total,Admin1,Week,MOH-PAK-2021-W01-28,EMRO
2021-04-07,KPK,,0,,,PAKISTAN,"PAKISTAN, KPK",PAK,2275.0,PK-KP,,2021-07-10,2021.0,Total,Admin1,Week,MOH-PAK-2021-W01-28,EMRO
,KHYBER PAKHTUNKHWA,HARIPUR,50,,,PAKISTAN,"PAKISTAN, KHYBER PAKHTUNKHWA, HARIPUR",PAK,40337.0,PK-KP,,2021-07-24,,Total,Admin2,Week,MOH-PAK-2021-W02-30,EMRO
,BALOCHISTAN,KECH,6,,,PAKISTAN,"PAKISTAN, BALOCHISTAN, KECH",PAK,40298.0,PK-BA,,2021-07-31,,Total,Admin2,Week,MOH-PAK-2021-W02-30,EMRO
,BALOCHISTAN,LASBELLA,4,,,PAKISTAN,"PAKISTAN, BALOCHISTAN, LASBELLA",PAK,23622.0,PK-BA,,2021-07-31,,Total,Admin2,Week,MOH-PAK-2021-W02-30,EMRO
2021-01-08,SINDH,KARACHI EAST,0,,,PAKISTAN,"PAKISTAN, SINDH, KARACHI EAST",PAK,40393.0,PK-SD,,2021-08-07,2021.0,Total,Admin2,Week,MOH-PAK-2021-W02-31,EMRO
2021-01-08,SINDH,THATTA,10,,,PAKISTAN,"PAKISTAN, SINDH, THATTA",PAK,23693.0,PK-SD,,2021-08-07,2021.0,Total,Admin2,Week,MOH-PAK-2021-W02-31,EMRO
2021-01-08,BALOCHISTAN,GWADAR,10,,,PAKISTAN,"PAKISTAN, BALOCHISTAN, GWADAR",PAK,23616.0,PK-BA,,2021-08-07,2021.0,Total,Admin2,Week,MOH-PAK-2021-W02-31,EMRO
2021-01-08,SINDH,KARACHI MALIR,0,,,PAKISTAN,"PAKISTAN, SINDH, KARACHI MALIR",PAK,40398.0,PK-SD,,2021-08-07,2021.0,Total,Admin2,Week,MOH-PAK-2021-W02-31,EMRO
2021-01-08,BALOCHISTAN,KHUZDAR,0,,,PAKISTAN,"PAKISTAN, BALOCHISTAN, KHUZDAR",PAK,40300.0,PK-BA,,2021-08-07,2021.0,Total,Admin2,Week,MOH-PAK-2021-W02-31,EMRO
2021-01-08,SINDH,THARPARKAR,1,,,PAKISTAN,"PAKISTAN, SINDH, THARPARKAR",PAK,40405.0,PK-SD,,2021-08-07,2021.0,Total,Admin2,Week,MOH-PAK-2021-W02-31,EMRO
2021-01-08,BALOCHISTAN,QUETTA,0,,,PAKISTAN,"PAKISTAN, BALOCHISTAN, QUETTA",PAK,23627.0,PK-BA,,2021-08-07,2021.0,Total,Admin2,Week,MOH-PAK-2021-W02-31,EMRO
2021-01-08,SINDH,NAUSHAHROFEROZE,0,,,PAKISTAN,"PAKISTAN, SINDH, NAUSHAHROFEROZE",PAK,40400.0,PK-SD,,2021-08-07,2021.0,Total,Admin2,Week,MOH-PAK-2021-W02-31,EMRO
2021-01-08,BALOCHISTAN,KILLAABDULLAH,0,,,PAKISTAN,"PAKISTAN, BALOCHISTAN, KILLAABDULLAH",PAK,40301.0,PK-BA,,2021-08-07,2021.0,Total,Admin2,Week,MOH-PAK-2021-W02-31,EMRO
2021-01-08,BALOCHISTAN,LASBELLA,0,,,PAKISTAN,"PAKISTAN, BALOCHISTAN, LASBELLA",PAK,23622.0,PK-BA,,2021-08-07,2021.0,Total,Admin2,Week,MOH-PAK-2021-W02-31,EMRO
2021-01-08,SINDH,HYDERABAD,0,,,PAKISTAN,"PAKISTAN, SINDH, HYDERABAD",PAK,23683.0,PK-SD,,2021-08-07,2021.0,Total,Admin2,Week,MOH-PAK-2021-W02-31,EMRO
2021-01-08,SINDH,GHOTKI,0,,,PAKISTAN,"PAKISTAN, SINDH, GHOTKI",PAK,40389.0,PK-SD,,2021-08-07,2021.0,Total,Admin2,Week,MOH-PAK-2021-W02-31,EMRO
2021-01-08,BALOCHISTAN,PISHIN,0,,,PAKISTAN,"PAKISTAN, BALOCHISTAN, PISHIN",PAK,40310.0,PK-BA,,2021-08-07,2021.0,Total,Admin2,Week,MOH-PAK-2021-W02-31,EMRO
2021-01-08,BALOCHISTAN,KECH,4,,,PAKISTAN,"PAKISTAN, BALOCHISTAN, KECH",PAK,40298.0,PK-BA,,2021-08-07,2021.0,Total,Admin2,Week,MOH-PAK-2021-W02-31,EMRO
2021-01-08,SINDH,SHIKARPUR,0,,,PAKISTAN,"PAKISTAN, SINDH, SHIKARPUR",PAK,23690.0,PK-SD,,2021-08-07,2021.0,Total,Admin2,Week,MOH-PAK-2021-W02-31,EMRO
2021-08-08,KHYBER PAKHTUNKHWA,LAKKI MARAWAT,0,,,PAKISTAN,"PAKISTAN, KHYBER PAKHTUNKHWA, LAKKI MARAWAT",PAK,40341.0,PK-KP,,2021-08-14,2021.0,Total,Admin2,Week,MOH-PAK-2021-W02-32,EMRO
2021-08-08,KHYBER PAKHTUNKHWA,HARIPUR,106,,,PAKISTAN,"PAKISTAN, KHYBER PAKHTUNKHWA, HARIPUR",PAK,40337.0,PK-KP,,2021-08-14,2021.0,Total,Admin2,Week,MOH-PAK-2021-W02-32,EMRO
2021-08-08,KHYBER PAKHTUNKHWA,CHARSADDA,0,,,PAKISTAN,"PAKISTAN, KHYBER PAKHTUNKHWA, CHARSADDA",PAK,40333.0,PK-KP,,2021-08-14,2021.0,Total,Admin2,Week,MOH-PAK-2021-W02-32,EMRO
2021-08-08,BALOCHISTAN,KECH,5,,,PAKISTAN,"PAKISTAN, BALOCHISTAN, KECH",PAK,40298.0,PK-BA,,2021-08-14,2021.0,Total,Admin2,Week,MOH-PAK-2021-W02-32,EMRO
2021-08-08,KHYBER PAKHTUNKHWA,ABBOTTABAD,0,,,PAKISTAN,"PAKISTAN, KHYBER PAKHTUNKHWA, ABBOTTABAD",PAK,40329.0,PK-KP,,2021-08-14,2021.0,Total,Admin2,Week,MOH-PAK-2021-W02-32,EMRO
2021-08-08,BALOCHISTAN,QUETTA,0,,,PAKISTAN,"PAKISTAN, BALOCHISTAN, QUETTA",PAK,23627.0,PK-BA,,2021-08-14,2021.0,Total,Admin2,Week,MOH-PAK-2021-W02-32,EMRO
2021-08-08,BALOCHISTAN,LASBELLA,0,,,PAKISTAN,"PAKISTAN, BALOCHISTAN, LASBELLA",PAK,23622.0,PK-BA,,2021-08-14,2021.0,Total,Admin2,Week,MOH-PAK-2021-W02-32,EMRO
2021-08-08,BALOCHISTAN,GWADAR,6,,,PAKISTAN,"PAKISTAN, BALOCHISTAN, GWADAR",PAK,23616.0,PK-BA,,2021-08-14,2021.0,Total,Admin2,Week,MOH-PAK-2021-W02-32,EMRO
2021-08-08,BALOCHISTAN,KILLAABDULLAH,0,,,PAKISTAN,"PAKISTAN, BALOCHISTAN, KILLAABDULLAH",PAK,40301.0,PK-BA,,2021-08-14,2021.0,Total,Admin2,Week,MOH-PAK-2021-W02-32,EMRO
2021-08-08,KHYBER PAKHTUNKHWA,KOHAT,3,,,PAKISTAN,"PAKISTAN, KHYBER PAKHTUNKHWA, KOHAT",PAK,40339.0,PK-KP,,2021-08-14,2021.0,Total,Admin2,Week,MOH-PAK-2021-W02-32,EMRO
,SINDH,KARACHI MALIR,1,,,PAKISTAN,"PAKISTAN, SINDH, KARACHI MALIR",PAK,40398.0,PK-SD,,2021-08-21,,Total,Admin2,Week,MOH-PAK-2021-W02-33,EMRO
,SINDH,THARPARKAR,16,,,PAKISTAN,"PAKISTAN, SINDH, THARPARKAR",PAK,40405.0,PK-SD,,2021-08-21,,Total,Admin2,Week,MOH-PAK-2021-W02-33,EMRO
,KHYBER PAKHTUNKHWA,HARIPUR,10,,,PAKISTAN,"PAKISTAN, KHYBER PAKHTUNKHWA, HARIPUR",PAK,40337.0,PK-KP,,2021-09-04,,Total,Admin2,Week,MOH-PAK-2021-W02-35,EMRO
,KHYBER PAKHTUNKHWA,ABBOTTABAD,4,,,PAKISTAN,"PAKISTAN, KHYBER PAKHTUNKHWA, ABBOTTABAD",PAK,40329.0,PK-KP,,2021-09-04,,Total,Admin2,Week,MOH-PAK-2021-W02-35,EMRO
2021-05-09,KHYBER PAKHTUNKHWA,ABBOTTABAD,20,,,PAKISTAN,"PAKISTAN, KHYBER PAKHTUNKHWA, ABBOTTABAD",PAK,40329.0,PK-KP,,2021-09-11,2021.0,Total,Admin2,Week,MOH-PAK-2021-W02-36,EMRO
2021-05-09,KHYBER PAKHTUNKHWA,CHARSADDA,0,,,PAKISTAN,"PAKISTAN, KHYBER PAKHTUNKHWA, CHARSADDA",PAK,40333.0,PK-KP,,2021-09-11,2021.0,Total,Admin2,Week,MOH-PAK-2021-W02-36,EMRO
2021-05-09,KHYBER PAKHTUNKHWA,HARIPUR,31,,,PAKISTAN,"PAKISTAN, KHYBER PAKHTUNKHWA, HARIPUR",PAK,40337.0,PK-KP,,2021-09-11,2021.0,Total,Admin2,Week,MOH-PAK-2021-W02-36,EMRO
2021-05-09,KHYBER PAKHTUNKHWA,LAKKI MARAWAT,0,,,PAKISTAN,"PAKISTAN, KHYBER PAKHTUNKHWA, LAKKI MARAWAT",PAK,40341.0,PK-KP,,2021-09-11,2021.0,Total,Admin2,Week,MOH-PAK-2021-W02-36,EMRO
2021-05-09,KHYBER PAKHTUNKHWA,KOHAT,0,,,PAKISTAN,"PAKISTAN, KHYBER PAKHTUNKHWA, KOHAT",PAK,40339.0,PK-KP,,2021-09-11,2021.0,Total,Admin2,Week,MOH-PAK-2021-W02-36,EMRO
2021-12-09,KHYBER PAKHTUNKHWA,KOHAT,0,,,PAKISTAN,"PAKISTAN, KHYBER PAKHTUNKHWA, KOHAT",PAK,40339.0,PK-KP,,2021-09-18,2021.0,Total,Admin2,Week,MOH-PAK-2021-W02-37,EMRO
2021-12-09,KHYBER PAKHTUNKHWA,HARIPUR,59,,,PAKISTAN,"PAKISTAN, KHYBER PAKHTUNKHWA, HARIPUR",PAK,40337.0,PK-KP,,2021-09-18,2021.0,Total,Admin2,Week,MOH-PAK-2021-W02-37,EMRO
2021-12-09,KHYBER PAKHTUNKHWA,ABBOTTABAD,0,,,PAKISTAN,"PAKISTAN, KHYBER PAKHTUNKHWA, ABBOTTABAD",PAK,40329.0,PK-KP,,2021-09-18,2021.0,Total,Admin2,Week,MOH-PAK-2021-W02-37,EMRO
2021-12-09,KHYBER PAKHTUNKHWA,LAKKI MARAWAT,0,,,PAKISTAN,"PAKISTAN, KHYBER PAKHTUNKHWA, LAKKI MARAWAT",PAK,40341.0,PK-KP,,2021-09-18,2021.0,Total,Admin2,Week,MOH-PAK-2021-W02-37,EMRO
2021-12-09,KHYBER PAKHTUNKHWA,CHARSADDA,0,,,PAKISTAN,"PAKISTAN, KHYBER PAKHTUNKHWA, CHARSADDA",PAK,40333.0,PK-KP,,2021-09-18,2021.0,Total,Admin2,Week,MOH-PAK-2021-W02-37,EMRO
,SINDH,HYDERABAD,2,,,PAKISTAN,"PAKISTAN, SINDH, HYDERABAD",PAK,23683.0,PK-SD,,2021-09-25,,Total,Admin2,Week,MOH-PAK-2021-W02-38,EMRO
,SINDH,KARACHI MALIR,2,,,PAKISTAN,"PAKISTAN, SINDH, KARACHI MALIR",PAK,40398.0,PK-SD,,2021-09-25,,Total,Admin2,Week,MOH-PAK-2021-W02-38,EMRO
,KHYBER PAKHTUNKHWA,HARIPUR,60,,,PAKISTAN,"PAKISTAN, KHYBER PAKHTUNKHWA, HARIPUR",PAK,40337.0,PK-KP,,2021-09-25,,Total,Admin2,Week,MOH-PAK-2021-W02-38,EMRO
,SINDH,THARPARKAR,28,,,PAKISTAN,"PAKISTAN, SINDH, THARPARKAR",PAK,40405.0,PK-SD,,2021-09-25,,Total,Admin2,Week,MOH-PAK-2021-W02-38,EMRO
,KHYBER PAKHTUNKHWA,KOHAT,1,,,PAKISTAN,"PAKISTAN, KHYBER PAKHTUNKHWA, KOHAT",PAK,40339.0,PK-KP,,2021-09-25,,Total,Admin2,Week,MOH-PAK-2021-W02-38,EMRO
,KHYBER PAKHTUNKHWA,KOHAT,2,,,PAKISTAN,"PAKISTAN, KHYBER PAKHTUNKHWA, KOHAT",PAK,40339.0,PK-KP,,2021-10-02,,Total,Admin2,Week,MOH-PAK-2021-W02-39,EMRO
,SINDH,HYDERABAD,10,,,PAKISTAN,"PAKISTAN, SINDH, HYDERABAD",PAK,23683.0,PK-SD,,2021-10-02,,Total,Admin2,Week,MOH-PAK-2021-W02-39,EMRO
,KHYBER PAKHTUNKHWA,HARIPUR,67,,,PAKISTAN,"PAKISTAN, KHYBER PAKHTUNKHWA, HARIPUR",PAK,40337.0,PK-KP,,2021-10-02,,Total,Admin2,Week,MOH-PAK-2021-W02-39,EMRO
,KHYBER PAKHTUNKHWA,LAKKI MARAWAT,4,,,PAKISTAN,"PAKISTAN, KHYBER PAKHTUNKHWA, LAKKI MARAWAT",PAK,40341.0,PK-KP,,2021-10-02,,Total,Admin2,Week,MOH-PAK-2021-W02-39,EMRO
,SINDH,THARPARKAR,67,,,PAKISTAN,"PAKISTAN, SINDH, THARPARKAR",PAK,40405.0,PK-SD,,2021-10-02,,Total,Admin2,Week,MOH-PAK-2021-W02-39,EMRO
,KHYBER PAKHTUNKHWA,ABBOTTABAD,8,,,PAKISTAN,"PAKISTAN, KHYBER PAKHTUNKHWA, ABBOTTABAD",PAK,40329.0,PK-KP,,2021-10-02,,Total,Admin2,Week,MOH-PAK-2021-W02-39,EMRO
2021-03-10,BALOCHISTAN,GWADAR,0,,,PAKISTAN,"PAKISTAN, BALOCHISTAN, GWADAR",PAK,23616.0,PK-BA,,2021-10-09,2021.0,Total,Admin2,Week,MOH-PAK-2021-W02-40,EMRO
2021-03-10,BALOCHISTAN,QUETTA,0,,,PAKISTAN,"PAKISTAN, BALOCHISTAN, QUETTA",PAK,23627.0,PK-BA,,2021-10-09,2021.0,Total,Admin2,Week,MOH-PAK-2021-W02-40,EMRO
2021-03-10,BALOCHISTAN,PISHIN,0,,,PAKISTAN,"PAKISTAN, BALOCHISTAN, PISHIN",PAK,40310.0,PK-BA,,2021-10-09,2021.0,Total,Admin2,Week,MOH-PAK-2021-W02-40,EMRO
2021-03-10,SINDH,THARPARKAR,39,,,PAKISTAN,"PAKISTAN, SINDH, THARPARKAR",PAK,40405.0,PK-SD,,2021-10-09,2021.0,Total,Admin2,Week,MOH-PAK-2021-W02-40,EMRO
2021-03-10,BALOCHISTAN,LASBELLA,1,,,PAKISTAN,"PAKISTAN, BALOCHISTAN, LASBELLA",PAK,23622.0,PK-BA,,2021-10-09,2021.0,Total,Admin2,Week,MOH-PAK-2021-W02-40,EMRO
2021-03-10,SINDH,THATTA,0,,,PAKISTAN,"PAKISTAN, SINDH, THATTA",PAK,23693.0,PK-SD,,2021-10-09,2021.0,Total,Admin2,Week,MOH-PAK-2021-W02-40,EMRO
2021-03-10,KHYBER PAKHTUNKHWA,MALAKAND,3,,,PAKISTAN,"PAKISTAN, KHYBER PAKHTUNKHWA, MALAKAND",PAK,23647.0,PK-KP,,2021-10-09,2021.0,Total,Admin2,Week,MOH-PAK-2021-W02-40,EMRO
2021-03-10,KHYBER PAKHTUNKHWA,HARIPUR,150,,,PAKISTAN,"PAKISTAN, KHYBER PAKHTUNKHWA, HARIPUR",PAK,40337.0,PK-KP,,2021-10-09,2021.0,Total,Admin2,Week,MOH-PAK-2021-W02-40,EMRO
2021-03-10,KHYBER PAKHTUNKHWA,KOHAT,0,,,PAKISTAN,"PAKISTAN, KHYBER PAKHTUNKHWA, KOHAT",PAK,40339.0,PK-KP,,2021-10-09,2021.0,Total,Admin2,Week,MOH-PAK-2021-W02-40,EMRO
2021-03-10,KHYBER PAKHTUNKHWA,LAKKI MARAWAT,42,,,PAKISTAN,"PAKISTAN, KHYBER PAKHTUNKHWA, LAKKI MARAWAT",PAK,40341.0,PK-KP,,2021-10-09,2021.0,Total,Admin2,Week,MOH-PAK-2021-W02-40,EMRO
2021-03-10,BALOCHISTAN,KHUZDAR,2,,,PAKISTAN,"PAKISTAN, BALOCHISTAN, KHUZDAR",PAK,40300.0,PK-BA,,2021-10-09,2021.0,Total,Admin2,Week,MOH-PAK-2021-W02-40,EMRO
2021-03-10,BALOCHISTAN,KECH,2,,,PAKISTAN,"PAKISTAN, BALOCHISTAN, KECH",PAK,40298.0,PK-BA,,2021-10-09,2021.0,Total,Admin2,Week,MOH-PAK-2021-W02-40,EMRO
2021-03-10,SINDH,SHIKARPUR,0,,,PAKISTAN,"PAKISTAN, SINDH, SHIKARPUR",PAK,23690.0,PK-SD,,2021-10-09,2021.0,Total,Admin2,Week,MOH-PAK-2021-W02-40,EMRO
2021-03-10,SINDH,KARACHI EAST,0,,,PAKISTAN,"PAKISTAN, SINDH, KARACHI EAST",PAK,40393.0,PK-SD,,2021-10-09,2021.0,Total,Admin2,Week,MOH-PAK-2021-W02-40,EMRO
2021-03-10,KHYBER PAKHTUNKHWA,CHARSADDA,0,,,PAKISTAN,"PAKISTAN, KHYBER PAKHTUNKHWA, CHARSADDA",PAK,40333.0,PK-KP,,2021-10-09,2021.0,Total,Admin2,Week,MOH-PAK-2021-W02-40,EMRO
2021-03-10,SINDH,NAUSHAHROFEROZE,0,,,PAKISTAN,"PAKISTAN, SINDH, NAUSHAHROFEROZE",PAK,40400.0,PK-SD,,2021-10-09,2021.0,Total,Admin2,Week,MOH-PAK-2021-W02-40,EMRO
2021-03-10,BALOCHISTAN,SIBI,0,,,PAKISTAN,"PAKISTAN, BALOCHISTAN, SIBI",PAK,40312.0,PK-BA,,2021-10-09,2021.0,Total,Admin2,Week,MOH-PAK-2021-W02-40,EMRO
2021-03-10,KHYBER PAKHTUNKHWA,ABBOTTABAD,0,,,PAKISTAN,"PAKISTAN, KHYBER PAKHTUNKHWA, ABBOTTABAD",PAK,40329.0,PK-KP,,2021-10-09,2021.0,Total,Admin2,Week,MOH-PAK-2021-W02-40,EMRO
2021-03-10,SINDH,LARKANA,0,,,PAKISTAN,"PAKISTAN, SINDH, LARKANA",PAK,23687.0,PK-SD,,2021-10-09,2021.0,Total,Admin2,Week,MOH-PAK-2021-W02-40,EMRO
2021-03-10,BALOCHISTAN,KILLAABDULLAH,0,,,PAKISTAN,"PAKISTAN, BALOCHISTAN, KILLAABDULLAH",PAK,40301.0,PK-BA,,2021-10-09,2021.0,Total,Admin2,Week,MOH-PAK-2021-W02-40,EMRO
2021-03-10,SINDH,GHOTKI,0,,,PAKISTAN,"PAKISTAN, SINDH, GHOTKI",PAK,40389.0,PK-SD,,2021-10-09,2021.0,Total,Admin2,Week,MOH-PAK-2021-W02-40,EMRO
2021-03-10,SINDH,KARACHI MALIR,1,,,PAKISTAN,"PAKISTAN, SINDH, KARACHI MALIR",PAK,40398.0,PK-SD,,2021-10-09,2021.0,Total,Admin2,Week,MOH-PAK-2021-W02-40,EMRO
2021-03-10,SINDH,HYDERABAD,26,,,PAKISTAN,"PAKISTAN, SINDH, HYDERABAD",PAK,23683.0,PK-SD,,2021-10-09,2021.0,Total,Admin2,Week,MOH-PAK-2021-W02-40,EMRO
2021-10-10,SINDH,KARACHI MALIR,13,,,PAKISTAN,"PAKISTAN, SINDH, KARACHI MALIR",PAK,40398.0,PK-SD,,2021-10-16,2021.0,Total,Admin2,Week,MOH-PAK-2021-W02-41,EMRO
2021-10-10,SINDH,NAUSHAHROFEROZE,0,,,PAKISTAN,"PAKISTAN, SINDH, NAUSHAHROFEROZE",PAK,40400.0,PK-SD,,2021-10-16,2021.0,Total,Admin2,Week,MOH-PAK-2021-W02-41,EMRO
2021-10-10,KHYBER PAKHTUNKHWA,SWABI,56,,,PAKISTAN,"PAKISTAN, KHYBER PAKHTUNKHWA, SWABI",PAK,40349.0,PK-KP,,2021-10-16,2021.0,Total,Admin2,Week,MOH-PAK-2021-W02-41,EMRO
2021-10-10,KHYBER PAKHTUNKHWA,HARIPUR,127,,,PAKISTAN,"PAKISTAN, KHYBER PAKHTUNKHWA, HARIPUR",PAK,40337.0,PK-KP,,2021-10-16,2021.0,Total,Admin2,Week,MOH-PAK-2021-W02-41,EMRO
2021-10-10,SINDH,GHOTKI,0,,,PAKISTAN,"PAKISTAN, SINDH, GHOTKI",PAK,40389.0,PK-SD,,2021-10-16,2021.0,Total,Admin2,Week,MOH-PAK-2021-W02-41,EMRO
2021-10-10,SINDH,HYDERABAD,65,,,PAKISTAN,"PAKISTAN, SINDH, HYDERABAD",PAK,23683.0,PK-SD,,2021-10-16,2021.0,Total,Admin2,Week,MOH-PAK-2021-W02-41,EMRO
2021-10-10,SINDH,LARKANA,0,,,PAKISTAN,"PAKISTAN, SINDH, LARKANA",PAK,23687.0,PK-SD,,2021-10-16,2021.0,Total,Admin2,Week,MOH-PAK-2021-W02-41,EMRO
2021-10-10,SINDH,THARPARKAR,60,,,PAKISTAN,"PAKISTAN, SINDH, THARPARKAR",PAK,40405.0,PK-SD,,2021-10-16,2021.0,Total,Admin2,Week,MOH-PAK-2021-W02-41,EMRO
2021-10-10,KHYBER PAKHTUNKHWA,KOHAT,2,,,PAKISTAN,"PAKISTAN, KHYBER PAKHTUNKHWA, KOHAT",PAK,40339.0,PK-KP,,2021-10-16,2021.0,Total,Admin2,Week,MOH-PAK-2021-W02-41,EMRO
2021-10-10,KHYBER PAKHTUNKHWA,MALAKAND,5,,,PAKISTAN,"PAKISTAN, KHYBER PAKHTUNKHWA, MALAKAND",PAK,23647.0,PK-KP,,2021-10-16,2021.0,Total,Admin2,Week,MOH-PAK-2021-W02-41,EMRO
2021-10-10,SINDH,KARACHI EAST,5,,,PAKISTAN,"PAKISTAN, SINDH, KARACHI EAST",PAK,40393.0,PK-SD,,2021-10-16,2021.0,Total,Admin2,Week,MOH-PAK-2021-W02-41,EMRO
2021-10-10,KHYBER PAKHTUNKHWA,ABBOTTABAD,0,,,PAKISTAN,"PAKISTAN, KHYBER PAKHTUNKHWA, ABBOTTABAD",PAK,40329.0,PK-KP,,2021-10-16,2021.0,Total,Admin2,Week,MOH-PAK-2021-W02-41,EMRO
2021-10-10,SINDH,THATTA,0,,,PAKISTAN,"PAKISTAN, SINDH, THATTA",PAK,23693.0,PK-SD,,2021-10-16,2021.0,Total,Admin2,Week,MOH-PAK-2021-W02-41,EMRO
2021-10-10,KHYBER PAKHTUNKHWA,CHARSADDA,0,,,PAKISTAN,"PAKISTAN, KHYBER PAKHTUNKHWA, CHARSADDA",PAK,40333.0,PK-KP,,2021-10-16,2021.0,Total,Admin2,Week,MOH-PAK-2021-W02-41,EMRO
2021-10-10,KHYBER PAKHTUNKHWA,LAKKI MARAWAT,3,,,PAKISTAN,"PAKISTAN, KHYBER PAKHTUNKHWA, LAKKI MARAWAT",PAK,40341.0,PK-KP,,2021-10-16,2021.0,Total,Admin2,Week,MOH-PAK-2021-W02-41,EMRO
2021-10-10,SINDH,SHIKARPUR,0,,,PAKISTAN,"PAKISTAN, SINDH, SHIKARPUR",PAK,23690.0,PK-SD,,2021-10-16,2021.0,Total,Admin2,Week,MOH-PAK-2021-W02-41,EMRO
,KHYBER PAKHTUNKHWA,HARIPUR,123,,,PAKISTAN,"PAKISTAN, KHYBER PAKHTUNKHWA, HARIPUR",PAK,40337.0,PK-KP,,2021-10-23,,Total,Admin2,Week,MOH-PAK-2021-W02-42,EMRO
,SINDH,KARACHI MALIR,20,,,PAKISTAN,"PAKISTAN, SINDH, KARACHI MALIR",PAK,40398.0,PK-SD,,2021-10-23,,Total,Admin2,Week,MOH-PAK-2021-W02-42,EMRO
,SINDH,HYDERABAD,93,,,PAKISTAN,"PAKISTAN, SINDH, HYDERABAD",PAK,23683.0,PK-SD,,2021-10-23,,Total,Admin2,Week,MOH-PAK-2021-W02-42,EMRO
,SINDH,KARACHI EAST,1,,,PAKISTAN,"PAKISTAN, SINDH, KARACHI EAST",PAK,40393.0,PK-SD,,2021-10-23,,Total,Admin2,Week,MOH-PAK-2021-W02-42,EMRO
,KHYBER PAKHTUNKHWA,LAKKI MARAWAT,13,,,PAKISTAN,"PAKISTAN, KHYBER PAKHTUNKHWA, LAKKI MARAWAT",PAK,40341.0,PK-KP,,2021-10-23,,Total,Admin2,Week,MOH-PAK-2021-W02-42,EMRO
,KHYBER PAKHTUNKHWA,MALAKAND,8,,,PAKISTAN,"PAKISTAN, KHYBER PAKHTUNKHWA, MALAKAND",PAK,23647.0,PK-KP,,2021-10-23,,Total,Admin2,Week,MOH-PAK-2021-W02-42,EMRO
,KHYBER PAKHTUNKHWA,SWABI,60,,,PAKISTAN,"PAKISTAN, KHYBER PAKHTUNKHWA, SWABI",PAK,40349.0,PK-KP,,2021-10-23,,Total,Admin2,Week,MOH-PAK-2021-W02-42,EMRO
,KHYBER PAKHTUNKHWA,KOHAT,6,,,PAKISTAN,"PAKISTAN, KHYBER PAKHTUNKHWA, KOHAT",PAK,40339.0,PK-KP,,2021-10-23,,Total,Admin2,Week,MOH-PAK-2021-W02-42,EMRO
,SINDH,THARPARKAR,94,,,PAKISTAN,"PAKISTAN, SINDH, THARPARKAR",PAK,40405.0,PK-SD,,2021-10-23,,Total,Admin2,Week,MOH-PAK-2021-W02-42,EMRO
,SINDH,THARPARKAR,74,,,PAKISTAN,"PAKISTAN, SINDH, THARPARKAR",PAK,40405.0,PK-SD,,2021-10-30,,Total,Admin2,Week,MOH-PAK-2021-W02-43,EMRO
,SINDH,KARACHI MALIR,11,,,PAKISTAN,"PAKISTAN, SINDH, KARACHI MALIR",PAK,40398.0,PK-SD,,2021-10-30,,Total,Admin2,Week,MOH-PAK-2021-W02-43,EMRO
,KHYBER PAKHTUNKHWA,HARIPUR,204,,,PAKISTAN,"PAKISTAN, KHYBER PAKHTUNKHWA, HARIPUR",PAK,40337.0,PK-KP,,2021-10-30,,Total,Admin2,Week,MOH-PAK-2021-W02-43,EMRO
,KHYBER PAKHTUNKHWA,SWABI,79,,,PAKISTAN,"PAKISTAN, KHYBER PAKHTUNKHWA, SWABI",PAK,40349.0,PK-KP,,2021-10-30,,Total,Admin2,Week,MOH-PAK-2021-W02-43,EMRO
,KHYBER PAKHTUNKHWA,LAKKI MARAWAT,20,,,PAKISTAN,"PAKISTAN, KHYBER PAKHTUNKHWA, LAKKI MARAWAT",PAK,40341.0,PK-KP,,2021-10-30,,Total,Admin2,Week,MOH-PAK-2021-W02-43,EMRO
,SINDH,HYDERABAD,122,,,PAKISTAN,"PAKISTAN, SINDH, HYDERABAD",PAK,23683.0,PK-SD,,2021-10-30,,Total,Admin2,Week,MOH-PAK-2021-W02-43,EMRO
,SINDH,HYDERABAD,147,,,PAKISTAN,"PAKISTAN, SINDH, HYDERABAD",PAK,23683.0,PK-SD,,2021-11-06,,Total,Admin2,Week,MOH-PAK-2021-W02-44,EMRO
,BALOCHISTAN,KECH,7,,,PAKISTAN,"PAKISTAN, BALOCHISTAN, KECH",PAK,40298.0,PK-BA,,2021-11-06,,Total,Admin2,Week,MOH-PAK-2021-W02-44,EMRO
,KHYBER PAKHTUNKHWA,MALAKAND,3,,,PAKISTAN,"PAKISTAN, KHYBER PAKHTUNKHWA, MALAKAND",PAK,23647.0,PK-KP,,2021-11-06,,Total,Admin2,Week,MOH-PAK-2021-W02-44,EMRO
,KHYBER PAKHTUNKHWA,SWABI,63,,,PAKISTAN,"PAKISTAN, KHYBER PAKHTUNKHWA, SWABI",PAK,40349.0,PK-KP,,2021-11-06,,Total,Admin2,Week,MOH-PAK-2021-W02-44,EMRO
,SINDH,KARACHI EAST,2,,,PAKISTAN,"PAKISTAN, SINDH, KARACHI EAST",PAK,40393.0,PK-SD,,2021-11-06,,Total,Admin2,Week,MOH-PAK-2021-W02-44,EMRO
,KHYBER PAKHTUNKHWA,KOHAT,5,,,PAKISTAN,"PAKISTAN, KHYBER PAKHTUNKHWA, KOHAT",PAK,40339.0,PK-KP,,2021-11-06,,Total,Admin2,Week,MOH-PAK-2021-W02-44,EMRO
,BALOCHISTAN,GWADAR,17,,,PAKISTAN,"PAKISTAN, BALOCHISTAN, GWADAR",PAK,23616.0,PK-BA,,2021-11-06,,Total,Admin2,Week,MOH-PAK-2021-W02-44,EMRO
,KHYBER PAKHTUNKHWA,LAKKI MARAWAT,3,,,PAKISTAN,"PAKISTAN, KHYBER PAKHTUNKHWA, LAKKI MARAWAT",PAK,40341.0,PK-KP,,2021-11-06,,Total,Admin2,Week,MOH-PAK-2021-W02-44,EMRO
,SINDH,KARACHI MALIR,25,,,PAKISTAN,"PAKISTAN, SINDH, KARACHI MALIR",PAK,40398.0,PK-SD,,2021-11-06,,Total,Admin2,Week,MOH-PAK-2021-W02-44,EMRO
,BALOCHISTAN,QUETTA,3,,,PAKISTAN,"PAKISTAN, BALOCHISTAN, QUETTA",PAK,23627.0,PK-BA,,2021-11-06,,Total,Admin2,Week,MOH-PAK-2021-W02-44,EMRO
,SINDH,THARPARKAR,110,,,PAKISTAN,"PAKISTAN, SINDH, THARPARKAR",PAK,40405.0,PK-SD,,2021-11-06,,Total,Admin2,Week,MOH-PAK-2021-W02-44,EMRO
,KHYBER PAKHTUNKHWA,HARIPUR,170,,,PAKISTAN,"PAKISTAN, KHYBER PAKHTUNKHWA, HARIPUR",PAK,40337.0,PK-KP,,2021-11-06,,Total,Admin2,Week,MOH-PAK-2021-W02-44,EMRO
2021-07-11,KHYBER PAKHTUNKHWA,SWAT,0,,,PAKISTAN,"PAKISTAN, KHYBER PAKHTUNKHWA, SWAT",PAK,40350.0,PK-KP,,2021-11-13,2021.0,Total,Admin2,Week,MOH-PAK-2021-W02-45,EMRO
2021-07-11,KHYBER PAKHTUNKHWA,SWABI,23,,,PAKISTAN,"PAKISTAN, KHYBER PAKHTUNKHWA, SWABI",PAK,40349.0,PK-KP,,2021-11-13,2021.0,Total,Admin2,Week,MOH-PAK-2021-W02-45,EMRO
2021-07-11,SINDH,HYDERBAD,107,,,PAKISTAN,"PAKISTAN, SINDH, HYDERBAD",PAK,23683.0,PK-SD,,2021-11-13,2021.0,Total,Admin2,Week,MOH-PAK-2021-W02-45,EMRO
2021-07-11,BALOCHISTAN,ZHOB,0,,,PAKISTAN,"PAKISTAN, BALOCHISTAN, ZHOB",PAK,40313.0,PK-BA,,2021-11-13,2021.0,Total,Admin2,Week,MOH-PAK-2021-W02-45,EMRO
2021-07-11,SINDH,KARACHI EAST,2,,,PAKISTAN,"PAKISTAN, SINDH, KARACHI EAST",PAK,40393.0,PK-SD,,2021-11-13,2021.0,Total,Admin2,Week,MOH-PAK-2021-W02-45,EMRO
2021-07-11,KHYBER PAKHTUNKHWA,HARIPUR,63,,,PAKISTAN,"PAKISTAN, KHYBER PAKHTUNKHWA, HARIPUR",PAK,40337.0,PK-KP,,2021-11-13,2021.0,Total,Admin2,Week,MOH-PAK-2021-W02-45,EMRO
2021-07-11,KHYBER PAKHTUNKHWA,CHARSADDA,0,,,PAKISTAN,"PAKISTAN, KHYBER PAKHTUNKHWA, CHARSADDA",PAK,40333.0,PK-KP,,2021-11-13,2021.0,Total,Admin2,Week,MOH-PAK-2021-W02-45,EMRO
2021-07-11,BALOCHISTAN,GWADAR,0,,,PAKISTAN,"PAKISTAN, BALOCHISTAN, GWADAR",PAK,23616.0,PK-BA,,2021-11-13,2021.0,Total,Admin2,Week,MOH-PAK-2021-W02-45,EMRO
2021-07-11,SINDH,GHOTKI,1,,,PAKISTAN,"PAKISTAN, SINDH, GHOTKI",PAK,40389.0,PK-SD,,2021-11-13,2021.0,Total,Admin2,Week,MOH-PAK-2021-W02-45,EMRO
2021-07-11,BALOCHISTAN,SIBI,0,,,PAKISTAN,"PAKISTAN, BALOCHISTAN, SIBI",PAK,40312.0,PK-BA,,2021-11-13,2021.0,Total,Admin2,Week,MOH-PAK-2021-W02-45,EMRO
2021-07-11,KHYBER PAKHTUNKHWA,KOHAT,10,,,PAKISTAN,"PAKISTAN, KHYBER PAKHTUNKHWA, KOHAT",PAK,40339.0,PK-KP,,2021-11-13,2021.0,Total,Admin2,Week,MOH-PAK-2021-W02-45,EMRO
2021-07-11,BALOCHISTAN,KILLAABDULLAH,0,,,PAKISTAN,"PAKISTAN, BALOCHISTAN, KILLAABDULLAH",PAK,40301.0,PK-BA,,2021-11-13,2021.0,Total,Admin2,Week,MOH-PAK-2021-W02-45,EMRO
2021-07-11,SINDH,UMERKOT,0,,,PAKISTAN,"PAKISTAN, SINDH, UMERKOT",PAK,40407.0,PK-SD,,2021-11-13,2021.0,Total,Admin2,Week,MOH-PAK-2021-W02-45,EMRO
2021-07-11,SINDH,THARPARKAR,148,,,PAKISTAN,"PAKISTAN, SINDH, THARPARKAR",PAK,40405.0,PK-SD,,2021-11-13,2021.0,Total,Admin2,Week,MOH-PAK-2021-W02-45,EMRO
2021-07-11,KHYBER PAKHTUNKHWA,LAKKI MARAWAT,18,,,PAKISTAN,"PAKISTAN, KHYBER PAKHTUNKHWA, LAKKI MARAWAT",PAK,40341.0,PK-KP,,2021-11-13,2021.0,Total,Admin2,Week,MOH-PAK-2021-W02-45,EMRO
2021-07-11,KHYBER PAKHTUNKHWA,MALAKAND,5,,,PAKISTAN,"PAKISTAN, KHYBER PAKHTUNKHWA, MALAKAND",PAK,23647.0,PK-KP,,2021-11-13,2021.0,Total,Admin2,Week,MOH-PAK-2021-W02-45,EMRO
2021-07-11,KHYBER PAKHTUNKHWA,ABBOTTABAD,0,,,PAKISTAN,"PAKISTAN, KHYBER PAKHTUNKHWA, ABBOTTABAD",PAK,40329.0,PK-KP,,2021-11-13,2021.0,Total,Admin2,Week,MOH-PAK-2021-W02-45,EMRO
2021-07-11,BALOCHISTAN,LASBELLA,6,,,PAKISTAN,"PAKISTAN, BALOCHISTAN, LASBELLA",PAK,23622.0,PK-BA,,2021-11-13,2021.0,Total,Admin2,Week,MOH-PAK-2021-W02-45,EMRO
2021-07-11,SINDH,SHIKARPUR,0,,,PAKISTAN,"PAKISTAN, SINDH, SHIKARPUR",PAK,23690.0,PK-SD,,2021-11-13,2021.0,Total,Admin2,Week,MOH-PAK-2021-W02-45,EMRO
2021-07-11,SINDH,THATTA,0,,,PAKISTAN,"PAKISTAN, SINDH, THATTA",PAK,23693.0,PK-SD,,2021-11-13,2021.0,Total,Admin2,Week,MOH-PAK-2021-W02-45,EMRO
2021-07-11,SINDH,KARACHI MALIR,24,,,PAKISTAN,"PAKISTAN, SINDH, KARACHI MALIR",PAK,40398.0,PK-SD,,2021-11-13,2021.0,Total,Admin2,Week,MOH-PAK-2021-W02-45,EMRO
2021-07-11,SINDH,NAUSHAHROFEROZE,0,,,PAKISTAN,"PAKISTAN, SINDH, NAUSHAHROFEROZE",PAK,40400.0,PK-SD,,2021-11-13,2021.0,Total,Admin2,Week,MOH-PAK-2021-W02-45,EMRO
2021-07-11,BALOCHISTAN,KHUZDAR,0,,,PAKISTAN,"PAKISTAN, BALOCHISTAN, KHUZDAR",PAK,40300.0,PK-BA,,2021-11-13,2021.0,Total,Admin2,Week,MOH-PAK-2021-W02-45,EMRO
2021-07-11,BALOCHISTAN,PISHIN,0,,,PAKISTAN,"PAKISTAN, BALOCHISTAN, PISHIN",PAK,40310.0,PK-BA,,2021-11-13,2021.0,Total,Admin2,Week,MOH-PAK-2021-W02-45,EMRO
2021-07-11,BALOCHISTAN,KECH,6,,,PAKISTAN,"PAKISTAN, BALOCHISTAN, KECH",PAK,40298.0,PK-BA,,2021-11-13,2021.0,Total,Admin2,Week,MOH-PAK-2021-W02-45,EMRO
2021-07-11,BALOCHISTAN,QUETTA,0,,,PAKISTAN,"PAKISTAN, BALOCHISTAN, QUETTA",PAK,23627.0,PK-BA,,2021-11-13,2021.0,Total,Admin2,Week,MOH-PAK-2021-W02-45,EMRO
,SINDH,HYDERABAD,154,,,PAKISTAN,"PAKISTAN, SINDH, HYDERABAD",PAK,23683.0,PK-SD,,2021-11-20,,Total,Admin2,Week,MOH-PAK-2021-W02-46,EMRO
,SINDH,KARACHI MALIR,14,,,PAKISTAN,"PAKISTAN, SINDH, KARACHI MALIR",PAK,40398.0,PK-SD,,2021-11-20,,Total,Admin2,Week,MOH-PAK-2021-W02-46,EMRO
,KHYBER PAKHTUNKHWA,SWABI,16,,,PAKISTAN,"PAKISTAN, KHYBER PAKHTUNKHWA, SWABI",PAK,40349.0,PK-KP,,2021-11-20,,Total,Admin2,Week,MOH-PAK-2021-W02-46,EMRO
,SINDH,THARPARKAR,66,,,PAKISTAN,"PAKISTAN, SINDH, THARPARKAR",PAK,40405.0,PK-SD,,2021-11-20,,Total,Admin2,Week,MOH-PAK-2021-W02-46,EMRO
,KHYBER PAKHTUNKHWA,LAKKI MARAWAT,43,,,PAKISTAN,"PAKISTAN, KHYBER PAKHTUNKHWA, LAKKI MARAWAT",PAK,40341.0,PK-KP,,2021-11-20,,Total,Admin2,Week,MOH-PAK-2021-W02-46,EMRO
,KHYBER PAKHTUNKHWA,KOHAT,29,,,PAKISTAN,"PAKISTAN, KHYBER PAKHTUNKHWA, KOHAT",PAK,40339.0,PK-KP,,2021-11-20,,Total,Admin2,Week,MOH-PAK-2021-W02-46,EMRO
,KHYBER PAKHTUNKHWA,SWABI,21,,,PAKISTAN,"PAKISTAN, KHYBER PAKHTUNKHWA, SWABI",PAK,40349.0,PK-KP,,2021-11-27,,Total,Admin2,Week,MOH-PAK-2021-W02-47,EMRO
,SINDH,THARPARKAR,58,,,PAKISTAN,"PAKISTAN, SINDH, THARPARKAR",PAK,40405.0,PK-SD,,2021-11-27,,Total,Admin2,Week,MOH-PAK-2021-W02-47,EMRO
,SINDH,HYDERABAD,112,,,PAKISTAN,"PAKISTAN, SINDH, HYDERABAD",PAK,23683.0,PK-SD,,2021-11-27,,Total,Admin2,Week,MOH-PAK-2021-W02-47,EMRO
,KHYBER PAKHTUNKHWA,LAKKI MARAWAT,40,,,PAKISTAN,"PAKISTAN, KHYBER PAKHTUNKHWA, LAKKI MARAWAT",PAK,40341.0,PK-KP,,2021-11-27,,Total,Admin2,Week,MOH-PAK-2021-W02-47,EMRO
,BALOCHISTAN,KECH,8,,,PAKISTAN,"PAKISTAN, BALOCHISTAN, KECH",PAK,40298.0,PK-BA,,2021-11-27,,Total,Admin2,Week,MOH-PAK-2021-W02-47,EMRO
,KHYBER PAKHTUNKHWA,HARIPUR,25,,,PAKISTAN,"PAKISTAN, KHYBER PAKHTUNKHWA, HARIPUR",PAK,40337.0,PK-KP,,2021-11-27,,Total,Admin2,Week,MOH-PAK-2021-W02-47,EMRO
,KHYBER PAKHTUNKHWA,KOHAT,11,,,PAKISTAN,"PAKISTAN, KHYBER PAKHTUNKHWA, KOHAT",PAK,40339.0,PK-KP,,2021-11-27,,Total,Admin2,Week,MOH-PAK-2021-W02-47,EMRO
,BALOCHISTAN,LASBELLA,3,,,PAKISTAN,"PAKISTAN, BALOCHISTAN, LASBELLA",PAK,23622.0,PK-BA,,2021-11-27,,Total,Admin2,Week,MOH-PAK-2021-W02-47,EMRO
,SINDH,GHOTKI,1,,,PAKISTAN,"PAKISTAN, SINDH, GHOTKI",PAK,40389.0,PK-SD,,2021-11-27,,Total,Admin2,Week,MOH-PAK-2021-W02-47,EMRO
,SINDH,KARACHI MALIR,16,,,PAKISTAN,"PAKISTAN, SINDH, KARACHI MALIR",PAK,40398.0,PK-SD,,2021-11-27,,Total,Admin2,Week,MOH-PAK-2021-W02-47,EMRO
,SINDH,THARPARKAR,27,,,PAKISTAN,"PAKISTAN, SINDH, THARPARKAR",PAK,40405.0,PK-SD,,2021-12-04,,Total,Admin2,Week,MOH-PAK-2021-W02-48,EMRO
,SINDH,KARACHI MALIR,8,,,PAKISTAN,"PAKISTAN, SINDH, KARACHI MALIR",PAK,40398.0,PK-SD,,2021-12-04,,Total,Admin2,Week,MOH-PAK-2021-W02-48,EMRO
,KHYBER PAKHTUNKHWA,HARIPUR,4,,,PAKISTAN,"PAKISTAN, KHYBER PAKHTUNKHWA, HARIPUR",PAK,40337.0,PK-KP,,2021-12-04,,Total,Admin2,Week,MOH-PAK-2021-W02-48,EMRO
,KHYBER PAKHTUNKHWA,SWABI,25,,,PAKISTAN,"PAKISTAN, KHYBER PAKHTUNKHWA, SWABI",PAK,40349.0,PK-KP,,2021-12-04,,Total,Admin2,Week,MOH-PAK-2021-W02-48,EMRO
,KHYBER PAKHTUNKHWA,LAKKI MARAWAT,37,,,PAKISTAN,"PAKISTAN, KHYBER PAKHTUNKHWA, LAKKI MARAWAT",PAK,40341.0,PK-KP,,2021-12-04,,Total,Admin2,Week,MOH-PAK-2021-W02-48,EMRO
,KHYBER PAKHTUNKHWA,KOHAT,12,,,PAKISTAN,"PAKISTAN, KHYBER PAKHTUNKHWA, KOHAT",PAK,40339.0,PK-KP,,2021-12-04,,Total,Admin2,Week,MOH-PAK-2021-W02-48,EMRO
,SINDH,HYDERABAD,50,,,PAKISTAN,"PAKISTAN, SINDH, HYDERABAD",PAK,23683.0,PK-SD,,2021-12-04,,Total,Admin2,Week,MOH-PAK-2021-W02-48,EMRO
2021-05-12,KHYBER PAKHTUNKHWA,CHARSADDA,0,,,PAKISTAN,"PAKISTAN, KHYBER PAKHTUNKHWA, CHARSADDA",PAK,40333.0,PK-KP,,2021-12-11,2021.0,Total,Admin2,Week,MOH-PAK-2021-W02-49,EMRO
2021-05-12,SINDH,THATTA,0,,,PAKISTAN,"PAKISTAN, SINDH, THATTA",PAK,23693.0,PK-SD,,2021-12-11,2021.0,Total,Admin2,Week,MOH-PAK-2021-W02-49,EMRO
2021-05-12,SINDH,THARPARKAR,11,,,PAKISTAN,"PAKISTAN, SINDH, THARPARKAR",PAK,40405.0,PK-SD,,2021-12-11,2021.0,Total,Admin2,Week,MOH-PAK-2021-W02-49,EMRO
2021-05-12,SINDH,NAUSHAHROFEROZE,0,,,PAKISTAN,"PAKISTAN, SINDH, NAUSHAHROFEROZE",PAK,40400.0,PK-SD,,2021-12-11,2021.0,Total,Admin2,Week,MOH-PAK-2021-W02-49,EMRO
2021-05-12,KHYBER PAKHTUNKHWA,ABBOTTABAD,0,,,PAKISTAN,"PAKISTAN, KHYBER PAKHTUNKHWA, ABBOTTABAD",PAK,40329.0,PK-KP,,2021-12-11,2021.0,Total,Admin2,Week,MOH-PAK-2021-W02-49,EMRO
2021-05-12,BALOCHISTAN,ZHOB,0,,,PAKISTAN,"PAKISTAN, BALOCHISTAN, ZHOB",PAK,40313.0,PK-BA,,2021-12-11,2021.0,Total,Admin2,Week,MOH-PAK-2021-W02-49,EMRO
2021-05-12,KHYBER PAKHTUNKHWA,KOHAT,13,,,PAKISTAN,"PAKISTAN, KHYBER PAKHTUNKHWA, KOHAT",PAK,40339.0,PK-KP,,2021-12-11,2021.0,Total,Admin2,Week,MOH-PAK-2021-W02-49,EMRO
2021-05-12,SINDH,KARACHI MALIR,12,,,PAKISTAN,"PAKISTAN, SINDH, KARACHI MALIR",PAK,40398.0,PK-SD,,2021-12-11,2021.0,Total,Admin2,Week,MOH-PAK-2021-W02-49,EMRO
2021-05-12,SINDH,SHIKARPUR,0,,,PAKISTAN,"PAKISTAN, SINDH, SHIKARPUR",PAK,23690.0,PK-SD,,2021-12-11,2021.0,Total,Admin2,Week,MOH-PAK-2021-W02-49,EMRO
2021-05-12,BALOCHISTAN,KECH,2,,,PAKISTAN,"PAKISTAN, BALOCHISTAN, KECH",PAK,40298.0,PK-BA,,2021-12-11,2021.0,Total,Admin2,Week,MOH-PAK-2021-W02-49,EMRO
2021-05-12,KHYBER PAKHTUNKHWA,LAKKI MARAWAT,17,,,PAKISTAN,"PAKISTAN, KHYBER PAKHTUNKHWA, LAKKI MARAWAT",PAK,40341.0,PK-KP,,2021-12-11,2021.0,Total,Admin2,Week,MOH-PAK-2021-W02-49,EMRO
2021-05-12,BALOCHISTAN,KILLAABDULLAH,0,,,PAKISTAN,"PAKISTAN, BALOCHISTAN, KILLAABDULLAH",PAK,40301.0,PK-BA,,2021-12-11,2021.0,Total,Admin2,Week,MOH-PAK-2021-W02-49,EMRO
2021-05-12,BALOCHISTAN,GWADAR,0,,,PAKISTAN,"PAKISTAN, BALOCHISTAN, GWADAR",PAK,23616.0,PK-BA,,2021-12-11,2021.0,Total,Admin2,Week,MOH-PAK-2021-W02-49,EMRO
2021-05-12,BALOCHISTAN,LASBELLA,0,,,PAKISTAN,"PAKISTAN, BALOCHISTAN, LASBELLA",PAK,23622.0,PK-BA,,2021-12-11,2021.0,Total,Admin2,Week,MOH-PAK-2021-W02-49,EMRO
2021-05-12,SINDH,LARKANA,0,,,PAKISTAN,"PAKISTAN, SINDH, LARKANA",PAK,23687.0,PK-SD,,2021-12-11,2021.0,Total,Admin2,Week,MOH-PAK-2021-W02-49,EMRO
2021-05-12,KHYBER PAKHTUNKHWA,HARIPUR,14,,,PAKISTAN,"PAKISTAN, KHYBER PAKHTUNKHWA, HARIPUR",PAK,40337.0,PK-KP,,2021-12-11,2021.0,Total,Admin2,Week,MOH-PAK-2021-W02-49,EMRO
2021-05-12,BALOCHISTAN,SIBI,0,,,PAKISTAN,"PAKISTAN, BALOCHISTAN, SIBI",PAK,40312.0,PK-BA,,2021-12-11,2021.0,Total,Admin2,Week,MOH-PAK-2021-W02-49,EMRO
2021-05-12,BALOCHISTAN,PISHIN,0,,,PAKISTAN,"PAKISTAN, BALOCHISTAN, PISHIN",PAK,40310.0,PK-BA,,2021-12-11,2021.0,Total,Admin2,Week,MOH-PAK-2021-W02-49,EMRO
2021-05-12,BALOCHISTAN,KHUZDAR,0,,,PAKISTAN,"PAKISTAN, BALOCHISTAN, KHUZDAR",PAK,40300.0,PK-BA,,2021-12-11,2021.0,Total,Admin2,Week,MOH-PAK-2021-W02-49,EMRO
2021-05-12,SINDH,HYDERABAD,19,,,PAKISTAN,"PAKISTAN, SINDH, HYDERABAD",PAK,23683.0,PK-SD,,2021-12-11,2021.0,Total,Admin2,Week,MOH-PAK-2021-W02-49,EMRO
2021-05-12,BALOCHISTAN,QUETTA,0,,,PAKISTAN,"PAKISTAN, BALOCHISTAN, QUETTA",PAK,23627.0,PK-BA,,2021-12-11,2021.0,Total,Admin2,Week,MOH-PAK-2021-W02-49,EMRO
2021-05-12,KHYBER PAKHTUNKHWA,SWABI,1,,,PAKISTAN,"PAKISTAN, KHYBER PAKHTUNKHWA, SWABI",PAK,40349.0,PK-KP,,2021-12-11,2021.0,Total,Admin2,Week,MOH-PAK-2021-W02-49,EMRO
2021-05-12,SINDH,GHOTKI,0,,,PAKISTAN,"PAKISTAN, SINDH, GHOTKI",PAK,40389.0,PK-SD,,2021-12-11,2021.0,Total,Admin2,Week,MOH-PAK-2021-W02-49,EMRO
2021-05-12,SINDH,KAMBER,0,,,PAKISTAN,"PAKISTAN, SINDH, KAMBER",PAK,23687.0,PK-SD,,2021-12-11,2021.0,Total,Admin2,Week,MOH-PAK-2021-W02-49,EMRO
2021-05-12,KHYBER PAKHTUNKHWA,MALAKAND,0,,,PAKISTAN,"PAKISTAN, KHYBER PAKHTUNKHWA, MALAKAND",PAK,23647.0,PK-KP,,2021-12-11,2021.0,Total,Admin2,Week,MOH-PAK-2021-W02-49,EMRO
2021-05-12,SINDH,KARACHI EAST,0,,,PAKISTAN,"PAKISTAN, SINDH, KARACHI EAST",PAK,40393.0,PK-SD,,2021-12-11,2021.0,Total,Admin2,Week,MOH-PAK-2021-W02-49,EMRO
2021-05-12,KHYBER PAKHTUNKHWA,SWAT,0,,,PAKISTAN,"PAKISTAN, KHYBER PAKHTUNKHWA, SWAT",PAK,40350.0,PK-KP,,2021-12-11,2021.0,Total,Admin2,Week,MOH-PAK-2021-W02-49,EMRO
2021-12-12,SINDH,KARACHI EAST,0,,,PAKISTAN,"PAKISTAN, SINDH, KARACHI EAST",PAK,40393.0,PK-SD,,2021-12-18,2021.0,Total,Admin2,Week,MOH-PAK-2021-W02-50,EMRO
2021-12-12,SINDH,LARKANA,0,,,PAKISTAN,"PAKISTAN, SINDH, LARKANA",PAK,23687.0,PK-SD,,2021-12-18,2021.0,Total,Admin2,Week,MOH-PAK-2021-W02-50,EMRO
2021-12-12,SINDH,HYDERABAD,11,,,PAKISTAN,"PAKISTAN, SINDH, HYDERABAD",PAK,23683.0,PK-SD,,2021-12-18,2021.0,Total,Admin2,Week,MOH-PAK-2021-W02-50,EMRO
2021-12-12,SINDH,THARPARKAR,12,,,PAKISTAN,"PAKISTAN, SINDH, THARPARKAR",PAK,40405.0,PK-SD,,2021-12-18,2021.0,Total,Admin2,Week,MOH-PAK-2021-W02-50,EMRO
2021-12-12,SINDH,KARACHI MALIR,2,,,PAKISTAN,"PAKISTAN, SINDH, KARACHI MALIR",PAK,40398.0,PK-SD,,2021-12-18,2021.0,Total,Admin2,Week,MOH-PAK-2021-W02-50,EMRO
2021-12-12,SINDH,UMERKOT,0,,,PAKISTAN,"PAKISTAN, SINDH, UMERKOT",PAK,40407.0,PK-SD,,2021-12-18,2021.0,Total,Admin2,Week,MOH-PAK-2021-W02-50,EMRO
2021-12-12,SINDH,SHIKARPUR,0,,,PAKISTAN,"PAKISTAN, SINDH, SHIKARPUR",PAK,23690.0,PK-SD,,2021-12-18,2021.0,Total,Admin2,Week,MOH-PAK-2021-W02-50,EMRO
2021-12-12,SINDH,GHOTKI,0,,,PAKISTAN,"PAKISTAN, SINDH, GHOTKI",PAK,40389.0,PK-SD,,2021-12-18,2021.0,Total,Admin2,Week,MOH-PAK-2021-W02-50,EMRO
2021-12-12,SINDH,NAUSHAHROFEROZE,0,,,PAKISTAN,"PAKISTAN, SINDH, NAUSHAHROFEROZE",PAK,40400.0,PK-SD,,2021-12-18,2021.0,Total,Admin2,Week,MOH-PAK-2021-W02-50,EMRO
2021-12-12,SINDH,KAMBER,0,,,PAKISTAN,"PAKISTAN, SINDH, KAMBER",PAK,23687.0,PK-SD,,2021-12-18,2021.0,Total,Admin2,Week,MOH-PAK-2021-W02-50,EMRO
,SINDH,KARACHI MALIR,5,,,PAKISTAN,"PAKISTAN, SINDH, KARACHI MALIR",PAK,40398.0,PK-SD,,2021-12-25,,Total,Admin2,Week,MOH-PAK-2021-W02-51,EMRO
,SINDH,THARPARKAR,36,,,PAKISTAN,"PAKISTAN, SINDH, THARPARKAR",PAK,40405.0,PK-SD,,2021-12-25,,Total,Admin2,Week,MOH-PAK-2021-W02-51,EMRO
,BALOCHISTAN,KECH,5,,,PAKISTAN,"PAKISTAN, BALOCHISTAN, KECH",PAK,40298.0,PK-BA,,2021-12-25,,Total,Admin2,Week,MOH-PAK-2021-W02-51,EMRO
,SINDH,HYDERABAD,4,,,PAKISTAN,"PAKISTAN, SINDH, HYDERABAD",PAK,23683.0,PK-SD,,2022-01-01,,Total,Admin2,Week,MOH-PAK-2021-W02-52,EMRO
,SINDH,THARPARKAR,13,,,PAKISTAN,"PAKISTAN, SINDH, THARPARKAR",PAK,40405.0,PK-SD,,2022-01-01,,Total,Admin2,Week,MOH-PAK-2021-W02-52,EMRO
2022-01-01,,,78802,,,PAKISTAN,PAKISTAN,PAK,188.0,PAK,,2022-12-31,2022.0,Suspected and confirmed,Admin0,Year,LITERATURE-PAK-19942022-Y01-01,EMRO
2022-02-01,SINDH,THATTA,0,,,PAKISTAN,"PAKISTAN, SINDH, THATTA",PAK,23693.0,PK-SD,,2022-01-08,2022.0,Total,Admin2,Week,MOH-PAK-2022-W02-01,EMRO
2022-02-01,SINDH,LARKANA,0,,,PAKISTAN,"PAKISTAN, SINDH, LARKANA",PAK,23687.0,PK-SD,,2022-01-08,2022.0,Total,Admin2,Week,MOH-PAK-2022-W02-01,EMRO
2022-02-01,SINDH,HYDERABAD,3,,,PAKISTAN,"PAKISTAN, SINDH, HYDERABAD",PAK,23683.0,PK-SD,,2022-01-08,2022.0,Total,Admin2,Week,MOH-PAK-2022-W02-01,EMRO
2022-02-01,SINDH,SHIKARPUR,0,,,PAKISTAN,"PAKISTAN, SINDH, SHIKARPUR",PAK,23690.0,PK-SD,,2022-01-08,2022.0,Total,Admin2,Week,MOH-PAK-2022-W02-01,EMRO
2022-02-01,SINDH,KARACHI MALIR,3,,,PAKISTAN,"PAKISTAN, SINDH, KARACHI MALIR",PAK,40398.0,PK-SD,,2022-01-08,2022.0,Total,Admin2,Week,MOH-PAK-2022-W02-01,EMRO
2022-02-01,SINDH,GHOTKI,0,,,PAKISTAN,"PAKISTAN, SINDH, GHOTKI",PAK,40389.0,PK-SD,,2022-01-08,2022.0,Total,Admin2,Week,MOH-PAK-2022-W02-01,EMRO
2022-02-01,SINDH,KARACHI EAST,0,,,PAKISTAN,"PAKISTAN, SINDH, KARACHI EAST",PAK,40393.0,PK-SD,,2022-01-08,2022.0,Total,Admin2,Week,MOH-PAK-2022-W02-01,EMRO
2022-02-01,SINDH,THARPARKAR,32,,,PAKISTAN,"PAKISTAN, SINDH, THARPARKAR",PAK,40405.0,PK-SD,,2022-01-08,2022.0,Total,Admin2,Week,MOH-PAK-2022-W02-01,EMRO
2022-09-01,SINDH,KARACHI EAST,3,,,PAKISTAN,"PAKISTAN, SINDH, KARACHI EAST",PAK,40393.0,PK-SD,,2022-01-15,2022.0,Total,Admin2,Week,MOH-PAK-2022-W02-02,EMRO
2022-09-01,SINDH,KARACHI MALIR,6,,,PAKISTAN,"PAKISTAN, SINDH, KARACHI MALIR",PAK,40398.0,PK-SD,,2022-01-15,2022.0,Total,Admin2,Week,MOH-PAK-2022-W02-02,EMRO
2022-09-01,SINDH,THARPARKAR,51,,,PAKISTAN,"PAKISTAN, SINDH, THARPARKAR",PAK,40405.0,PK-SD,,2022-01-15,2022.0,Total,Admin2,Week,MOH-PAK-2022-W02-02,EMRO
2022-09-01,SINDH,KAMBER,0,,,PAKISTAN,"PAKISTAN, SINDH, KAMBER",PAK,23687.0,PK-SD,,2022-01-15,2022.0,Total,Admin2,Week,MOH-PAK-2022-W02-02,EMRO
2022-09-01,SINDH,SHIKARPUR,0,,,PAKISTAN,"PAKISTAN, SINDH, SHIKARPUR",PAK,23690.0,PK-SD,,2022-01-15,2022.0,Total,Admin2,Week,MOH-PAK-2022-W02-02,EMRO
2022-09-01,SINDH,HYDERABAD,1,,,PAKISTAN,"PAKISTAN, SINDH, HYDERABAD",PAK,23683.0,PK-SD,,2022-01-15,2022.0,Total,Admin2,Week,MOH-PAK-2022-W02-02,EMRO
2022-09-01,SINDH,NAUSHAHROFEROZE,0,,,PAKISTAN,"PAKISTAN, SINDH, NAUSHAHROFEROZE",PAK,40400.0,PK-SD,,2022-01-15,2022.0,Total,Admin2,Week,MOH-PAK-2022-W02-02,EMRO
2022-09-01,SINDH,THATTA,0,,,PAKISTAN,"PAKISTAN, SINDH, THATTA",PAK,23693.0,PK-SD,,2022-01-15,2022.0,Total,Admin2,Week,MOH-PAK-2022-W02-02,EMRO
2022-09-01,SINDH,UMERKOT,0,,,PAKISTAN,"PAKISTAN, SINDH, UMERKOT",PAK,40407.0,PK-SD,,2022-01-15,2022.0,Total,Admin2,Week,MOH-PAK-2022-W02-02,EMRO
2022-09-01,SINDH,LARKANA,0,,,PAKISTAN,"PAKISTAN, SINDH, LARKANA",PAK,23687.0,PK-SD,,2022-01-15,2022.0,Total,Admin2,Week,MOH-PAK-2022-W02-02,EMRO
2022-09-01,SINDH,GHOTKI,0,,,PAKISTAN,"PAKISTAN, SINDH, GHOTKI",PAK,40389.0,PK-SD,,2022-01-15,2022.0,Total,Admin2,Week,MOH-PAK-2022-W02-02,EMRO
,SINDH,KARACHI MALIR,3,,,PAKISTAN,"PAKISTAN, SINDH, KARACHI MALIR",PAK,40398.0,PK-SD,,2022-01-22,,Total,Admin2,Week,MOH-PAK-2021-W02-03,EMRO
,SINDH,THARPARKAR,77,,,PAKISTAN,"PAKISTAN, SINDH, THARPARKAR",PAK,40405.0,PK-SD,,2022-01-22,,Total,Admin2,Week,MOH-PAK-2021-W02-03,EMRO
,SINDH,KARACHI EAST,3,,,PAKISTAN,"PAKISTAN, SINDH, KARACHI EAST",PAK,40393.0,PK-SD,,2022-01-22,,Total,Admin2,Week,MOH-PAK-2021-W02-03,EMRO
,SINDH,THARPARKAR,2,,,PAKISTAN,"PAKISTAN, SINDH, THARPARKAR",PAK,40405.0,PK-SD,,2022-01-29,,Total,Admin2,Week,MOH-PAK-2021-W02-04,EMRO
,SINDH,HYDERABAD,1,,,PAKISTAN,"PAKISTAN, SINDH, HYDERABAD",PAK,23683.0,PK-SD,,2022-01-29,,Total,Admin2,Week,MOH-PAK-2021-W02-04,EMRO
,SINDH,THARPARKAR,22,,,PAKISTAN,"PAKISTAN, SINDH, THARPARKAR",PAK,40405.0,PK-SD,,2022-02-26,,Total,Admin2,Week,MOH-PAK-2021-W02-08,EMRO
,SINDH,UMERKOT,1,,,PAKISTAN,"PAKISTAN, SINDH, UMERKOT",PAK,40407.0,PK-SD,,2022-03-05,,Total,Admin2,Week,MOH-PAK-2021-W02-09,EMRO
,SINDH,THARPARKAR,6,,,PAKISTAN,"PAKISTAN, SINDH, THARPARKAR",PAK,40405.0,PK-SD,,2022-03-05,,Total,Admin2,Week,MOH-PAK-2021-W02-09,EMRO
,SINDH,KARACHI EAST,16,,,PAKISTAN,"PAKISTAN, SINDH, KARACHI EAST",PAK,40393.0,PK-SD,,2022-03-05,,Total,Admin2,Week,MOH-PAK-2021-W02-09,EMRO
,SINDH,THARPARKAR,29,,,PAKISTAN,"PAKISTAN, SINDH, THARPARKAR",PAK,40405.0,PK-SD,,2022-03-19,,Total,Admin2,Week,MOH-PAK-2022-W02-11,EMRO
,SINDH,KARACHI EAST,15,,,PAKISTAN,"PAKISTAN, SINDH, KARACHI EAST",PAK,40393.0,PK-SD,,2022-03-19,,Total,Admin2,Week,MOH-PAK-2022-W02-11,EMRO
,SINDH,KARACHI EAST,10,,,PAKISTAN,"PAKISTAN, SINDH, KARACHI EAST",PAK,40393.0,PK-SD,,2022-03-26,,Total,Admin2,Week,MOH-PAK-2022-W02-12,EMRO
,SINDH,THARPARKAR,38,,,PAKISTAN,"PAKISTAN, SINDH, THARPARKAR",PAK,40405.0,PK-SD,,2022-03-26,,Total,Admin2,Week,MOH-PAK-2022-W02-12,EMRO
,SINDH,THARPARKAR,4,,,PAKISTAN,"PAKISTAN, SINDH, THARPARKAR",PAK,40405.0,PK-SD,,2022-04-02,,Total,Admin2,Week,MOH-PAK-2022-W02-13,EMRO
,BALOCHISTAN,KECH,1,,,PAKISTAN,"PAKISTAN, BALOCHISTAN, KECH",PAK,40298.0,PK-BA,,2022-04-02,,Total,Admin2,Week,MOH-PAK-2022-W02-13,EMRO
,BALOCHISTAN,LASBELLA,1,,,PAKISTAN,"PAKISTAN, BALOCHISTAN, LASBELLA",PAK,23622.0,PK-BA,,2022-04-02,,Total,Admin2,Week,MOH-PAK-2022-W02-13,EMRO
,SINDH,KARACHI EAST,14,,,PAKISTAN,"PAKISTAN, SINDH, KARACHI EAST",PAK,40393.0,PK-SD,,2022-04-02,,Total,Admin2,Week,MOH-PAK-2022-W02-13,EMRO
2022-03-04,SINDH,SHIKARPUR,0,,,PAKISTAN,"PAKISTAN, SINDH, SHIKARPUR",PAK,23690.0,PK-SD,,2022-04-09,2022.0,Total,Admin2,Week,MOH-PAK-2022-W02-14,EMRO
2022-03-04,SINDH,THARPARKAR,14,,,PAKISTAN,"PAKISTAN, SINDH, THARPARKAR",PAK,40405.0,PK-SD,,2022-04-09,2022.0,Total,Admin2,Week,MOH-PAK-2022-W02-14,EMRO
2022-03-04,SINDH,UMERKOT,0,,,PAKISTAN,"PAKISTAN, SINDH, UMERKOT",PAK,40407.0,PK-SD,,2022-04-09,2022.0,Total,Admin2,Week,MOH-PAK-2022-W02-14,EMRO
2022-03-04,SINDH,NAUSHAHROFEROZE,0,,,PAKISTAN,"PAKISTAN, SINDH, NAUSHAHROFEROZE",PAK,40400.0,PK-SD,,2022-04-09,2022.0,Total,Admin2,Week,MOH-PAK-2022-W02-14,EMRO
2022-03-04,SINDH,GHOTKI,0,,,PAKISTAN,"PAKISTAN, SINDH, GHOTKI",PAK,40389.0,PK-SD,,2022-04-09,2022.0,Total,Admin2,Week,MOH-PAK-2022-W02-14,EMRO
2022-03-04,SINDH,HYDERABAD,0,,,PAKISTAN,"PAKISTAN, SINDH, HYDERABAD",PAK,23683.0,PK-SD,,2022-04-09,2022.0,Total,Admin2,Week,MOH-PAK-2022-W02-14,EMRO
2022-03-04,SINDH,KAMBER,0,,,PAKISTAN,"PAKISTAN, SINDH, KAMBER",PAK,23687.0,PK-SD,,2022-04-09,2022.0,Total,Admin2,Week,MOH-PAK-2022-W02-14,EMRO
2022-03-04,SINDH,KARACHI EAST,12,,,PAKISTAN,"PAKISTAN, SINDH, KARACHI EAST",PAK,40393.0,PK-SD,,2022-04-09,2022.0,Total,Admin2,Week,MOH-PAK-2022-W02-14,EMRO
2022-03-04,SINDH,LARKANA,0,,,PAKISTAN,"PAKISTAN, SINDH, LARKANA",PAK,23687.0,PK-SD,,2022-04-09,2022.0,Total,Admin2,Week,MOH-PAK-2022-W02-14,EMRO
2022-03-04,KHYBER PAKHTUNKHWA,SWAT,0,,,PAKISTAN,"PAKISTAN, KHYBER PAKHTUNKHWA, SWAT",PAK,40350.0,PK-KP,,2022-04-09,2022.0,Total,Admin2,Week,MOH-PAK-2022-W02-14,EMRO
2022-03-04,KHYBER PAKHTUNKHWA,KHYBER,0,,,PAKISTAN,"PAKISTAN, KHYBER PAKHTUNKHWA, KHYBER",PAK,23632.0,PK-KP,,2022-04-09,2022.0,Total,Admin2,Week,MOH-PAK-2022-W02-14,EMRO
2022-03-04,SINDH,THATTA,0,,,PAKISTAN,"PAKISTAN, SINDH, THATTA",PAK,23693.0,PK-SD,,2022-04-09,2022.0,Total,Admin2,Week,MOH-PAK-2022-W02-14,EMRO
2022-03-04,KHYBER PAKHTUNKHWA,MARDAN,1,,,PAKISTAN,"PAKISTAN, KHYBER PAKHTUNKHWA, MARDAN",PAK,40345.0,PK-KP,,2022-04-09,2022.0,Total,Admin2,Week,MOH-PAK-2022-W02-14,EMRO
2022-03-04,SINDH,KARACHI MALIR,0,,,PAKISTAN,"PAKISTAN, SINDH, KARACHI MALIR",PAK,40398.0,PK-SD,,2022-04-09,2022.0,Total,Admin2,Week,MOH-PAK-2022-W02-14,EMRO
2022-03-04,KHYBER PAKHTUNKHWA,MALAKAND,0,,,PAKISTAN,"PAKISTAN, KHYBER PAKHTUNKHWA, MALAKAND",PAK,23647.0,PK-KP,,2022-04-09,2022.0,Total,Admin2,Week,MOH-PAK-2022-W02-14,EMRO
2022-03-04,KHYBER PAKHTUNKHWA,MANSEHRA,0,,,PAKISTAN,"PAKISTAN, KHYBER PAKHTUNKHWA, MANSEHRA",PAK,40344.0,PK-KP,,2022-04-09,2022.0,Total,Admin2,Week,MOH-PAK-2022-W02-14,EMRO
2022-03-04,KHYBER PAKHTUNKHWA,CHARSADDA,0,,,PAKISTAN,"PAKISTAN, KHYBER PAKHTUNKHWA, CHARSADDA",PAK,40333.0,PK-KP,,2022-04-09,2022.0,Total,Admin2,Week,MOH-PAK-2022-W02-14,EMRO
2022-03-04,KHYBER PAKHTUNKHWA,SWABI,0,,,PAKISTAN,"PAKISTAN, KHYBER PAKHTUNKHWA, SWABI",PAK,40349.0,PK-KP,,2022-04-09,2022.0,Total,Admin2,Week,MOH-PAK-2022-W02-14,EMRO
2022-03-04,KHYBER PAKHTUNKHWA,LAKKIMARWAT,1,,,PAKISTAN,"PAKISTAN, KHYBER PAKHTUNKHWA, LAKKIMARWAT",PAK,40341.0,PK-KP,,2022-04-09,2022.0,Total,Admin2,Week,MOH-PAK-2022-W02-14,EMRO
2022-03-04,KHYBER PAKHTUNKHWA,ABBOTTABAD,0,,,PAKISTAN,"PAKISTAN, KHYBER PAKHTUNKHWA, ABBOTTABAD",PAK,40329.0,PK-KP,,2022-04-09,2022.0,Total,Admin2,Week,MOH-PAK-2022-W02-14,EMRO
2022-03-04,KHYBER PAKHTUNKHWA,KOHAT,0,,,PAKISTAN,"PAKISTAN, KHYBER PAKHTUNKHWA, KOHAT",PAK,40339.0,PK-KP,,2022-04-09,2022.0,Total,Admin2,Week,MOH-PAK-2022-W02-14,EMRO
2022-10-04,BALOCHISTAN,SIBI,0,,,PAKISTAN,"PAKISTAN, BALOCHISTAN, SIBI",PAK,40312.0,PK-BA,,2022-04-16,2022.0,Total,Admin2,Week,MOH-PAK-2022-W02-15,EMRO
2022-10-04,SINDH,GHOTKI,0,,,PAKISTAN,"PAKISTAN, SINDH, GHOTKI",PAK,40389.0,PK-SD,,2022-04-16,2022.0,Total,Admin2,Week,MOH-PAK-2022-W02-15,EMRO
2022-10-04,SINDH,HYDERABAD,0,,,PAKISTAN,"PAKISTAN, SINDH, HYDERABAD",PAK,23683.0,PK-SD,,2022-04-16,2022.0,Total,Admin2,Week,MOH-PAK-2022-W02-15,EMRO
2022-10-04,SINDH,KAMBER,0,,,PAKISTAN,"PAKISTAN, SINDH, KAMBER",PAK,23687.0,PK-SD,,2022-04-16,2022.0,Total,Admin2,Week,MOH-PAK-2022-W02-15,EMRO
2022-10-04,SINDH,KARACHI EAST,13,,,PAKISTAN,"PAKISTAN, SINDH, KARACHI EAST",PAK,40393.0,PK-SD,,2022-04-16,2022.0,Total,Admin2,Week,MOH-PAK-2022-W02-15,EMRO
2022-10-04,BALOCHISTAN,ZHOB,0,,,PAKISTAN,"PAKISTAN, BALOCHISTAN, ZHOB",PAK,40313.0,PK-BA,,2022-04-16,2022.0,Total,Admin2,Week,MOH-PAK-2022-W02-15,EMRO
2022-10-04,SINDH,THATTA,0,,,PAKISTAN,"PAKISTAN, SINDH, THATTA",PAK,23693.0,PK-SD,,2022-04-16,2022.0,Total,Admin2,Week,MOH-PAK-2022-W02-15,EMRO
2022-10-04,SINDH,UMERKOT,0,,,PAKISTAN,"PAKISTAN, SINDH, UMERKOT",PAK,40407.0,PK-SD,,2022-04-16,2022.0,Total,Admin2,Week,MOH-PAK-2022-W02-15,EMRO
2022-10-04,BALOCHISTAN,GWADAR,0,,,PAKISTAN,"PAKISTAN, BALOCHISTAN, GWADAR",PAK,23616.0,PK-BA,,2022-04-16,2022.0,Total,Admin2,Week,MOH-PAK-2022-W02-15,EMRO
2022-10-04,BALOCHISTAN,KECH,12,,,PAKISTAN,"PAKISTAN, BALOCHISTAN, KECH",PAK,40298.0,PK-BA,,2022-04-16,2022.0,Total,Admin2,Week,MOH-PAK-2022-W02-15,EMRO
2022-10-04,BALOCHISTAN,KHUZDAR,0,,,PAKISTAN,"PAKISTAN, BALOCHISTAN, KHUZDAR",PAK,40300.0,PK-BA,,2022-04-16,2022.0,Total,Admin2,Week,MOH-PAK-2022-W02-15,EMRO
2022-10-04,BALOCHISTAN,LASBELLA,0,,,PAKISTAN,"PAKISTAN, BALOCHISTAN, LASBELLA",PAK,23622.0,PK-BA,,2022-04-16,2022.0,Total,Admin2,Week,MOH-PAK-2022-W02-15,EMRO
2022-10-04,BALOCHISTAN,NASEERABAD,0,,,PAKISTAN,"PAKISTAN, BALOCHISTAN, NASEERABAD",PAK,40308.0,PK-BA,,2022-04-16,2022.0,Total,Admin2,Week,MOH-PAK-2022-W02-15,EMRO
2022-10-04,BALOCHISTAN,PISHIN,0,,,PAKISTAN,"PAKISTAN, BALOCHISTAN, PISHIN",PAK,40310.0,PK-BA,,2022-04-16,2022.0,Total,Admin2,Week,MOH-PAK-2022-W02-15,EMRO
2022-10-04,SINDH,KARACHI MALIR,1,,,PAKISTAN,"PAKISTAN, SINDH, KARACHI MALIR",PAK,40398.0,PK-SD,,2022-04-16,2022.0,Total,Admin2,Week,MOH-PAK-2022-W02-15,EMRO
2022-10-04,SINDH,KARWEST,0,,,PAKISTAN,"PAKISTAN, SINDH, KARWEST",PAK,40395.0,PK-SD,,2022-04-16,2022.0,Total,Admin2,Week,MOH-PAK-2022-W02-15,EMRO
2022-10-04,SINDH,NAUSHAHROFEROZE,0,,,PAKISTAN,"PAKISTAN, SINDH, NAUSHAHROFEROZE",PAK,40400.0,PK-SD,,2022-04-16,2022.0,Total,Admin2,Week,MOH-PAK-2022-W02-15,EMRO
2022-10-04,SINDH,SHIKARPUR,0,,,PAKISTAN,"PAKISTAN, SINDH, SHIKARPUR",PAK,23690.0,PK-SD,,2022-04-16,2022.0,Total,Admin2,Week,MOH-PAK-2022-W02-15,EMRO
2022-10-04,SINDH,THARPARKAR,13,,,PAKISTAN,"PAKISTAN, SINDH, THARPARKAR",PAK,40405.0,PK-SD,,2022-04-16,2022.0,Total,Admin2,Week,MOH-PAK-2022-W02-15,EMRO
2022-10-04,BALOCHISTAN,QUETTA,0,,,PAKISTAN,"PAKISTAN, BALOCHISTAN, QUETTA",PAK,23627.0,PK-BA,,2022-04-16,2022.0,Total,Admin2,Week,MOH-PAK-2022-W02-15,EMRO
2022-10-04,SINDH,LARKANA,0,,,PAKISTAN,"PAKISTAN, SINDH, LARKANA",PAK,23687.0,PK-SD,,2022-04-16,2022.0,Total,Admin2,Week,MOH-PAK-2022-W02-15,EMRO
,SINDH,KARACHI EAST,8,,,PAKISTAN,"PAKISTAN, SINDH, KARACHI EAST",PAK,40393.0,PK-SD,,2022-04-23,,Total,Admin2,Week,MOH-PAK-2022-W02-16,EMRO
2023-01-06,,,528,,,PAKISTAN,PAKISTAN,PAK,188.0,PAK,,2023-06-30,2023.0,Total,Admin0,Month,WHO-ALL-2025-Y01-00,EMRO
2023-01-07,,,960,,,PAKISTAN,PAKISTAN,PAK,188.0,PAK,,2023-07-31,2023.0,Total,Admin0,Month,WHO-ALL-2025-Y01-00,EMRO
2023-01-08,,,602,,,PAKISTAN,PAKISTAN,PAK,188.0,PAK,,2023-08-31,2023.0,Total,Admin0,Month,WHO-ALL-2025-Y01-00,EMRO
2023-01-09,,,953,,,PAKISTAN,PAKISTAN,PAK,188.0,PAK,,2023-09-30,2023.0,Total,Admin0,Month,WHO-ALL-2025-Y01-00,EMRO
2023-01-10,,,1658,,,PAKISTAN,PAKISTAN,PAK,188.0,PAK,,2023-10-31,2023.0,Total,Admin0,Month,WHO-ALL-2025-Y01-00,EMRO
2023-01-11,,,1397,,,PAKISTAN,PAKISTAN,PAK,188.0,PAK,,2023-11-30,2023.0,Total,Admin0,Month,WHO-ALL-2025-Y01-00,EMRO
2023-01-12,,,540,,,PAKISTAN,PAKISTAN,PAK,188.0,PAK,,2023-12-31,2023.0,Total,Admin0,Month,WHO-ALL-2025-Y01-00,EMRO
2024-01-01,,,342,,,PAKISTAN,PAKISTAN,PAK,188.0,PAK,,2024-01-31,2024.0,Total,Admin0,Month,WHO-ALL-2025-Y01-00,EMRO
2024-01-02,,,374,,,PAKISTAN,PAKISTAN,PAK,188.0,PAK,,2024-02-29,2024.0,Total,Admin0,Month,WHO-ALL-2025-Y01-00,EMRO
2024-01-03,,,282,,,PAKISTAN,PAKISTAN,PAK,188.0,PAK,,2024-03-31,2024.0,Total,Admin0,Month,WHO-ALL-2025-Y01-00,EMRO
2024-01-04,,,823,,,PAKISTAN,PAKISTAN,PAK,188.0,PAK,,2024-04-30,2024.0,Total,Admin0,Month,WHO-ALL-2025-Y01-00,EMRO
2024-01-05,,,7675,,,PAKISTAN,PAKISTAN,PAK,188.0,PAK,,2024-05-31,2024.0,Total,Admin0,Month,WHO-ALL-2025-Y01-00,EMRO
2024-01-06,,,3252,,,PAKISTAN,PAKISTAN,PAK,188.0,PAK,,2024-06-30,2024.0,Total,Admin0,Month,WHO-ALL-2025-Y01-00,EMRO
2024-01-07,,,3106,,,PAKISTAN,PAKISTAN,PAK,188.0,PAK,,2024-07-31,2024.0,Total,Admin0,Month,WHO-ALL-2025-Y01-00,EMRO
2024-01-08,,,6470,,,PAKISTAN,PAKISTAN,PAK,188.0,PAK,,2024-08-31,2024.0,Total,Admin0,Month,WHO-ALL-2025-Y01-00,EMRO
2024-01-09,,,8986,,,PAKISTAN,PAKISTAN,PAK,188.0,PAK,,2024-09-30,2024.0,Total,Admin0,Month,WHO-ALL-2025-Y01-00,EMRO
2024-01-10,,,15361,,,PAKISTAN,PAKISTAN,PAK,188.0,PAK,,2024-10-31,2024.0,Total,Admin0,Month,WHO-ALL-2025-Y01-00,EMRO
2024-01-11,,,7733,,,PAKISTAN,PAKISTAN,PAK,188.0,PAK,,2024-11-30,2024.0,Total,Admin0,Month,WHO-ALL-2025-Y01-00,EMRO
2024-01-12,,,4029,,,PAKISTAN,PAKISTAN,PAK,188.0,PAK,,2024-12-31,2024.0,Total,Admin0,Month,WHO-ALL-2025-Y01-00,EMRO
2025-01-01,,,2803,,,PAKISTAN,PAKISTAN,PAK,188.0,PAK,,2025-01-31,2025.0,Total,Admin0,Month,WHO-ALL-2025-Y01-00,EMRO
2020-10-07,Islamabad,Islamabad,12,33.6844,73.0479,,,,,,,,2020.0,,,,,
,Rawalpindi,Rawalpindi,27,33.5651,73.0169,,,,,,,,,,,,,
2021-01-09,Islamabad,Islamabad,5,33.6844,73.0479,,,,,,,,2021.0,,,,,
2021-10-09,Rawalpindi,Rawalpindi,30,33.5651,73.0169,,,,,,,,2021.0,,,,,
,Islamabad,Islamabad,8,33.6844,73.0479,,,,,,,,,,,,,
,Rawalpindi,Rawalpindi,40,33.5651,73.0169,,,,,,,,,,,,,
2023-05-08,Islamabad,Islamabad,22,33.6844,73.0479,,,,,,,,2023.0,,,,,
2023-12-09,Rawalpindi,Rawalpindi,15,33.5651,73.0169,,,,,,,,2023.0,,,,,
,Islamabad,Islamabad,18,33.6844,73.0479,,,,,,,,,,,,,
,Rawalpindi,Rawalpindi,35,33.5651,73.0169,,,,,,,,,,,,,
